# file opened: dung.asm
  1   0000              ;-------------------------------------------;
  2   0000              ; 	D U N G E O L O G Y - zx spectrum
  3   0000              ;-------------------------------------------;
  4   0000
  5   0000              	DEVICE	ZXSPECTRUM48
  6   0000              	EMPTYTAP "dng.tap"
  7   0000
  8   0000              		include	defs/struct.def
# file opened: struct.def
  1+  0000              	STRUCT	Stat
  2+  0000 ~            hp				db	16
  3+  0000 ~            str				db	10
  4+  0000 ~            def				db	8
  5+  0000              	ENDS
  6+  0000
  7+  0000              ; ----------------------------
  8+  0000              	STRUCT	Inventory
  9+  0000 ~            weapon			db
 10+  0000 ~            armour			db
 11+  0000 ~            keys			db
 11+  0000 ~              db			; 2 bajtowe pole flag, klucz nr 1 = 7 bit lsb
 12+  0000              	ENDS
 13+  0000
 14+  0000              ; ----------------------------
 15+  0000              	STRUCT	Character
 16+  0000 ~            ;mapY			db
 17+  0000 ~            ;mapX			db
 18+  0000 ~            direction		db
 19+  0000 ~            offset			dw
 20+  0000 ~            stat			Stat
 21+  0000 ~            bag				Inventory
 22+  0000              	ENDS
 23+  0000
 24+  0000              ; ----------------------------
 25+  0000              ;	STRUCT	Attribute
 26+  0000              ;	ENDS
 27+  0000
 28+  0000              ; ----------------------------
 29+  0000              	STRUCT	Map
 30+  0000 ~            width		db
 31+  0000 ~            height		db
 32+  0000 ~            size		dw
 33+  0000              	ENDS
 34+  0000
# file closed: struct.def
  9   0000              		include	defs/macro.def
# file opened: macro.def
  1+  0000              MUL_Ax8_TO_HL	MACRO
  2+  0000 ~            		ld	h,0
  3+  0000 ~            		ld	l,a
  4+  0000 ~            		add	hl,hl
  5+  0000 ~            		add	hl,hl
  6+  0000 ~            		add	hl,hl
  7+  0000              		ENDM
  8+  0000              ; ========================
  9+  0000
 10+  0000              CLEAR_LINES	MACRO	_end_of_area, _lines
 11+  0000 ~            		ld	de,0000h
 12+  0000 ~            		ld	hl,0000h
 13+  0000 ~            		add	hl,sp			; save SP
 14+  0000 ~            		ld	sp,_end_of_area	; czysci od gory
 15+  0000 ~            		ld	b,_lines		; 192 = 6144 / ( 16 x 2 )
 16+  0000 ~            .clear_block:
 17+  0000 ~            	REPT	16				; zeruje 32 bajty na obrot
 18+  0000 ~            		push	de
 19+  0000 ~            	ENDR
 20+  0000 ~            		djnz	.clear_block
 21+  0000 ~            		ld	sp,hl			; restore SP
 22+  0000              		ENDM
 23+  0000              ; =======================
 24+  0000              clear_txtline	MACRO _txtline
 25+  0000 ~            		ld	hl,_txtline
 26+  0000 ~            		ld	e,l
 27+  0000 ~            		ld	b,8
 28+  0000 ~            		xor	a
 29+  0000 ~            .clear_block:
 30+  0000 ~            	REPT	32
 31+  0000 ~            		ld	(hl),a
 32+  0000 ~            		inc	hl
 33+  0000 ~            	ENDR
 34+  0000 ~            		ld	l,e
 35+  0000 ~            		inc	h
 36+  0000 ~            		djnz	.clear_block
 37+  0000              		ENDM
 38+  0000
 39+  0000              ; =======================
 40+  0000              BORDER_COLOR	MACRO	_color
 41+  0000 ~            		ld	a,_color
 42+  0000 ~            		out	(0FEh),a
 43+  0000              		ENDM
 44+  0000
 45+  0000              ; =======================
 46+  0000              SET_COLOR	MACRO _paper_ink, _adress, _rows
 47+  0000 ~            		ld de, _paper_ink * 256 + _paper_ink
 48+  0000 ~            		ld	hl,0000h
 49+  0000 ~            		add	hl,sp			; save SP
 50+  0000 ~            		ld	sp,_adress
 51+  0000 ~            		ld	b,_rows
 52+  0000 ~            .colour_block:
 53+  0000 ~            	REPT	16				; zeruje 32 bajty na obrot
 54+  0000 ~            		push	de
 55+  0000 ~            	ENDR
 56+  0000 ~            		djnz	.colour_block
 57+  0000 ~            		ld	sp,hl			; restore SP
 58+  0000              		ENDM
 59+  0000
 60+  0000              ; =================
 61+  0000              ; IN:	Y,X w DE
 62+  0000              ; =================
 63+  0000              SET_ATR_LINE	MACRO _paper_ink, _col
 64+  0000 ~            		ld	a,d
 65+  0000 ~            		add	a,a
 66+  0000 ~            		add	a,a
 67+  0000 ~            		add	a,a
 68+  0000 ~            		ld	l,a
 69+  0000 ~            		ld	h,0
 70+  0000 ~            		add	hl,hl
 71+  0000 ~            		add hl,hl
 72+  0000 ~            		ld	a,e
 73+  0000 ~            		add	a,l
 74+  0000 ~            		ld	l,a
 75+  0000 ~            		ld	a,ATR_MSB
 76+  0000 ~            		add	a,h
 77+  0000 ~            		ld	h,a
 78+  0000 ~            		ld	a,_paper_ink
 79+  0000 ~            	IF	NUL _col
 80+  0000 ~            		ld	(hl),a
 81+  0000 ~            		inc	l
 82+  0000 ~            	ELSE
 83+  0000 ~            		REPT	_col
 84+  0000 ~            			ld	(hl),a
 85+  0000 ~            			inc	l
 86+  0000 ~            		ENDR
 87+  0000 ~            	ENDIF
 88+  0000              		ENDM
 89+  0000
 90+  0000              ; =========================
 91+  0000              SET_ATR_BLOCK	MACRO _paper_ink, _col, _lines
 92+  0000 ~            		ld	b,_lines
 93+  0000 ~            .next_ln:
 94+  0000 ~            		set_atr _paper_ink, _col
 95+  0000 ~            		inc	d
 96+  0000 ~            		djnz	.next_ln
 97+  0000              		ENDM
 98+  0000
 99+  0000              ; =========================
100+  0000              ; IN : DE - adres Tile na ekranie, A'- atrybut
101+  0000              print_attribute_2buffer	MACRO
102+  0000 ~            		ld	h,ATR3_BUF_MSB
103+  0000 ~            		ld	l,e
104+  0000 ~            		ex	af,af'
105+  0000 ~            		ld	(hl),a
106+  0000 ~            		ex	af,af'
107+  0000              		ENDM
108+  0000
109+  0000              ; ========================
110+  0000              PRINT_ATR	MACRO
111+  0000 ~            		ld	a,d
112+  0000 ~            		cp	$48
113+  0000 ~            		jr	z,t2
114+  0000 ~            		jr	nc,t3
115+  0000 ~            		ld	h,ATR1_MSB
116+  0000 ~            		jr	cmn
117+  0000 ~            t2:
118+  0000 ~            		ld	h,ATR2_MSB
119+  0000 ~            		jr	cmn
120+  0000 ~            t3:
121+  0000 ~            		ld	h,ATR3_BUF_MSB
122+  0000 ~            cmn:
123+  0000 ~            		ld	l,e
124+  0000 ~            		ex	af,af'
125+  0000 ~            		ld	(hl),a
126+  0000 ~            		ex	af,af'
127+  0000              		ENDM
128+  0000
129+  0000              ; =========================
130+  0000              PRINT_STR	MACRO	_scradr, _msgadr
131+  0000 ~            		ld	de,_scradr
132+  0000 ~            		ld	bc,_msgadr
133+  0000 ~            		call	pstring
134+  0000              		ENDM
135+  0000
136+  0000              ; ===========================
137+  0000              atrbuf_2_atr	MACRO
138+  0000 ~            		ld	de,ATR3
139+  0000 ~            		ld	hl,ATR3_BUF
140+  0000 ~            		ld	bc,32 * 8
141+  0000 ~            		ldir
142+  0000              		ENDM
143+  0000
144+  0000              ; ===========================
145+  0000              IN_RANGE	MACRO	_min, _max, _exit_adr
146+  0000 ~            		ld	a,(main_counter)
147+  0000 ~            		cp	_min
148+  0000 ~            		jp	c,_exit_adr
149+  0000 ~            		cp	_max + 1
150+  0000 ~            		jp	nc,_exit_adr
151+  0000 ~            		sub	_min
152+  0000              		ENDM
153+  0000
# file closed: macro.def
 10   0000              		include	defs/const.def
# file opened: const.def
  1+  0000              ; rozmieszczenie elementow ekranu ( od tego liczona jest reszta )
  2+  0000              FOV_Y			equ 13
  3+  0000              FOV_X			equ 4
  4+  0000              MSG_Y			equ	9
  5+  0000              MSG_X			equ	0
  6+  0000              W3D_Y			equ	1
  7+  0000              W3D_X			equ	4
  8+  0000              STS_Y			equ	1
  9+  0000              STS_X			equ	23
 10+  0000              ITM_Y			equ 9
 11+  0000              ITM_X			equ STS_X
 12+  0000
 13+  0000              ; atrybuty
 14+  0000              BLACK			equ	0
 15+  0000              BLUE			equ	1
 16+  0000              RED				equ	2
 17+  0000              PURPLE			equ	3
 18+  0000              GREEN			equ	4
 19+  0000              CYAN			equ	5
 20+  0000              YELLOW			equ	6
 21+  0000              WHITE			equ	7
 22+  0000              BLACK_BGD		equ	0
 23+  0000              BLUE_BGD		equ	8
 24+  0000              RED_BGD			equ	16
 25+  0000              PURPLE_BGD		equ	24
 26+  0000              GREEN_BGD		equ	32
 27+  0000              CYAN_BGD		equ	40
 28+  0000              YELLOW_BGD		equ	48
 29+  0000              WHITE_BGD		equ	56
 30+  0000              BRIGHT			equ	64
 31+  0000              FLASH			equ	128
 32+  0000              SCREEN_WIDTH	equ	32
 33+  0000
 34+  0000              FOV_ATR			equ BLACK_BGD OR RED
 35+  0000              FOV_FRAME_ATR	equ BLACK_BGD OR GREEN
 36+  0000              W3D_ATR			equ BLACK_BGD OR BLUE OR BRIGHT
 37+  0000              W3D_FRAME_ATR	equ BLACK_BGD OR PURPLE
 38+  0000              MSG_ATR			equ BLACK_BGD OR WHITE
 39+  0000              STS_ATR			equ BLACK_BGD OR YELLOW
 40+  0000              ITM_ATR			equ BLACK_BGD OR CYAN
 41+  0000              OFF_ATR			equ BLACK_BGD OR BLACK
 42+  0000
 43+  0000              PORTAL_ATR		equ BLACK_BGD OR YELLOW OR FLASH
 44+  0000              WEAPON_ATR		equ BLACK_BGD OR CYAN
 45+  0000              BAT_ATR			equ BLACK_BGD OR RED
 46+  0000              ARMOUR_ATR		equ BLACK_BGD OR YELLOW
 47+  0000              KEY_ATR			equ BLACK_BGD OR RED
 48+  0000              FIGURE_ATR		equ BLACK_BGD OR WHITE
 49+  0000
 50+  0000
 51+  0000              	; klawiatura
 52+  0000              CS_V			equ	$FE
 53+  0000              A_G				equ	$FD
 54+  0000              Q_T				equ	$FB
 55+  0000              Num1_5			equ	$F7
 56+  0000              Num0_6			equ	$EF
 57+  0000              P_Y				equ	$DF
 58+  0000              Enter_H			equ	$BF
 59+  0000              Space_B			equ	$7F
 60+  0000              	; mapa i hero
 61+  0000              FOV_YX			equ	( FOV_Y * 256 ) + FOV_X
 62+  0000              FOV_WIDTH		equ 9
 63+  0000              FOV_HEIGHT		equ 9
 64+  0000              FOV_FRAME_Y		equ	FOV_Y - 1
 65+  0000              FOV_FRAME_X		equ	FOV_X - 1
 66+  0000              FOV_FRAME_YX	equ	( FOV_FRAME_Y * 256 ) + FOV_FRAME_X
 67+  0000              FOV_FRAME_H		equ	FOV_HEIGHT + 2
 68+  0000              FOV_FRAME_W		equ	FOV_WIDTH + 2
 69+  0000              FFY				equ	FOV_FRAME_Y
 70+  0000              FFX				equ	FOV_FRAME_X
 71+  0000              FFW				equ	FOV_WIDTH + 1
 72+  0000              FFH				equ FOV_HEIGHT + 1
 73+  0000              W3D_HEIGHT		equ	6
 74+  0000              W3D_WIDTH		equ	9
 75+  0000              W3D_YX			equ	( W3D_Y * 256 ) + W3D_X
 76+  0000              W3D_FRAME_Y		equ	W3D_Y - 1
 77+  0000              W3D_FRAME_X		equ	W3D_X - 1
 78+  0000              W3D_FRAME_YX	equ	( W3D_FRAME_Y * 256 ) + W3D_FRAME_X
 79+  0000              W3D_FRAME_H		equ	W3D_HEIGHT + 2
 80+  0000              W3D_FRAME_W		equ	W3D_WIDTH + 2
 81+  0000              F3Y				equ	W3D_FRAME_Y
 82+  0000              F3X				equ	W3D_FRAME_X
 83+  0000              F3W				equ	W3D_WIDTH + 1
 84+  0000              F3H				equ W3D_HEIGHT + 1
 85+  0000              MSG_YX			equ	( MSG_Y * 256 ) + MSG_X
 86+  0000              MSG_WIDTH		equ 17
 87+  0000              MSG_HEIGHT		equ 2
 88+  0000              STS_WIDTH		equ 9
 89+  0000              STS_HEIGHT		equ	7
 90+  0000              ITM_WIDTH		equ 9
 91+  0000              ITM_HEIGHT		equ	3
 92+  0000              STS_YX			equ	( STS_Y * 256 ) + STS_X
 93+  0000              ITM_YX			equ	( ITM_Y * 256 ) + ITM_X
 94+  0000              WALL_CHAR		equ	'#'
 95+  0000              M_WALL_CHAR		equ	'|'
 96+  0000              PREV_WALL		equ	'.'
 97+  0000              FLOOR_CHAR		equ	' '
 98+  0000              C_DOOR_CHAR		equ	'+'
 99+  0000              O_DOOR_CHAR		equ	'/'
100+  0000              KEY_CHAR		equ	'~'
101+  0000              WEAPON_CHAR		equ	'('
102+  0000              ARMOUR_CHAR		equ	'['
103+  0000              BAT_CHAR		equ	'B'
104+  0000              FIGURE_CHAR		equ	'&'
105+  0000              PASSAGE_CHAR	equ	'='
106+  0000              PIT_CHAR		equ	'.'
107+  0000              PORTAL_CHAR		equ	'P'
108+  0000              STRING_DELIM	equ	'$'
109+  0000              TILE_EOL		equ $FF
110+  0000              DELIM			equ	$FF
111+  0000              NONE			equ	$FF
112+  0000              OBJ_MAX			equ	16
113+  0000              HERO_Y			equ	FOV_Y + 4
114+  0000              HERO_X			equ FOV_X + 4
115+  0000              HERO_MAP_Y		equ	2
116+  0000              HERO_MAP_X		equ 2
117+  0000              HERO_ATR		equ BLACK_BGD OR YELLOW
118+  0000              HERO_YX			equ ( HERO_Y * 256 ) + HERO_X
119+  0000              NORTH			equ	0
120+  0000              EAST			equ	1
121+  0000              SOUTH			equ	2
122+  0000              WEST			equ	3
123+  0000
124+  0000              	; adresy stale
125+  0000              FONTS			equ	$3D00
126+  0000              SCREEN			equ	$4000
127+  0000              SCR2			equ	$4800
128+  0000              MSG_AREA		equ $4888	; linie 96-127
129+  0000              SCR3			equ	$5000
130+  0000              SCREEN_TOP		equ	$5800
131+  0000              SCREEN_ATR		equ	$5800
132+  0000              ATR2			equ	$5900
133+  0000              ATR3			equ	$5A00
134+  0000              ATR_TOP			equ	$5B00
135+  0000              PRINTER_BUF		equ $5B00
136+  0000              ATR_BUF			equ	$6000
137+  0000
138+  0000              	; adresy ruchome
139+  0000
140+  0000              HERO_ADR		equ	( ( ( HERO_Y and $18 ) + $40 ) * 256 ) + ( ( HERO_Y and $07 ) * 32 ) + HERO_X
141+  0000
142+  0000              	; ustalenie adresow w zaleznosci od polozenia okien
143+  0000
144+  0000              FOV_ADR			equ	( ( ( FOV_Y and $18 ) + $40 ) * 256 ) + ( ( FOV_Y and $07 ) * 32 ) + FOV_X
145+  0000              W3D_ADR			equ	( ( ( W3D_Y and $18 ) + $40 ) * 256 ) + ( ( W3D_Y and $07 ) * 32 ) + W3D_X
146+  0000              W3D_ATR_ADR		equ	( ( ( ( high W3D_ADR / $08 ) ) and $03 ) or $58 ) * 256 + low W3D_ADR
147+  0000              W3D_ATR_BUF		equ ATR_BUF + ( W3D_ATR_ADR - SCREEN_ATR )
148+  0000
149+  0000
150+  0000              MSG_ADR			equ	SCR2 + ( ( MSG_Y - $08 ) * $20 ) + MSG_X
151+  0000              MSG_LINE1		equ	MSG_ADR
152+  0000              MSG_LINE2		equ	MSG_LINE1 + $20
153+  0000              STS_ADR			equ	SCREEN + ( STS_Y * $20 ) + STS_X
154+  0000              ITM_ADR			equ	SCR2 + ( ITM_Y * $20 ) + ITM_X
155+  0000              ATR3_BUF		equ	$F000
156+  0000              TILES			equ	$8000
157+  0000              GAME_START		equ	$8400
158+  0000
# file closed: const.def
 11   0000              		include	loader.asm
# file opened: loader.asm
  1+  0000              ; ----------------
  2+  0000              ;  Basic Loader
  3+  0000              ; ----------------
  4+  0000              		org	PRINTER_BUF
  5+  5B00              BasicStart:
  6+  5B00 00 0A            db 0, 10            ; Numer linii
  7+  5B02 20 00            dw _b_end - _b_line   ; Dlugosc linii
  8+  5B04              _b_line:
  9+  5B04 FD               db $FD              ; CLEAR
 10+  5B05                  ; "00000" jako tekst, potem $0E i 5 bajtow (format Sinclaira dla 32767)
 11+  5B05 30 30 30 30      db "00000", $0E, 0, 0, $FF, $7F, 0
 11+  5B09 30 0E 00 00
 11+  5B0D FF 7F 00
 12+  5B10 3A               db ":"
 13+  5B11 EF 22 22 AF      db $EF, $22, $22, $AF ; LOAD "" CODE
 14+  5B15 3A               db ":"
 15+  5B16 F9 C0            db $F9, $C0         ; RANDOMIZE USR
 16+  5B18                  ; "32768" jako tekst, potem $0E i 5 bajtow (format Sinclaira dla 32768)
 17+  5B18 30 30 30 30      db "00000", $0E, 0, 0, low CodeStart, high CodeStart, 0
 17+  5B1C 30 0E 00 00
 17+  5B20 68 83 00
 18+  5B23 0D               db $0D              ; Enter
 19+  5B24              _b_end:
 20+  5B24
 21+  5B24                  ; pierwszy blok (BASIC) na tasme
 22+  5B24                  SAVETAP "dng.tap", BASIC, "DUNG", BasicStart, _b_end - BasicStart, 10
 23+  5B24
# file closed: loader.asm
 12   5B24
 13   5B24              		org	TILES
 14   8000
 15   8000              Start:
 16   8000              		include data/tiles.dat
# file opened: tiles.dat
  1+  8000              ; WALL
  2+  8000              wall_tiles
  3+  8000              	; od 1 do 5
  4+  8000 00 77 7F 3F  	db	$00, $77, $7F, $3F, $7F, $7F, $7F, $7F
  4+  8004 7F 7F 7F 7F
  5+  8008 00 FE FF FF  	db	$00, $FE, $FF, $FF, $FE, $FF, $FF, $7A
  5+  800C FE FF FF 7A
  6+  8010 00 2E 7F 7F  	db	$00, $2E, $7F, $7F, $7F, $7F, $7F, $3F
  6+  8014 7F 7F 7F 3F
  7+  8018 00 7E FF FF  	db	$00, $7E, $FF, $FF, $FE, $DF, $FF, $7F
  7+  801C FE DF FF 7F
  8+  8020
  9+  8020 00 00 00 00  	db	$00, $00, $00, $00, $00, $C0, $F0, $FC
  9+  8024 00 C0 F0 FC
 10+  8028 FF DF EF FF  	db	$FF, $DF, $EF, $FF, $FF, $7F, $8F, $E9
 10+  802C FF 7F 8F E9
 11+  8030 EF EF EF EF  	db	$EF, $EF, $EF, $EF, $EF, $EF, $EF, $EF
 11+  8034 EF EF EF EF
 12+  8038 29 FF FF FE  	db	$29, $FF, $FF, $FE, $FF, $FF, $FF, $FF
 12+  803C FF FF FF FF
 13+  8040
 14+  8040 FF F8 8F 6F  	db	$FF, $F8, $8F, $6F, $EF, $EF, $EF, $EF
 14+  8044 EF EF EF EF
 15+  8048 EF EC F0 C0  	db	$EF, $EC, $F0, $C0, $00, $00, $00, $00
 15+  804C 00 00 00 00
 16+  8050 00 00 00 00  	db	$00, $00, $00, $00, $00, $01, $07, $1F
 16+  8054 00 01 07 1F
 17+  8058 7F 7F 7F 7F  	db	$7F, $7F, $7F, $7F, $7F, $7F, $78, $4B
 17+  805C 7F 7F 78 4B
 18+  8060
 19+  8060 7B 7B 7B 7B  	db	$7B, $7B, $7B, $7B, $7B, $7B, $7B, $7B
 19+  8064 7B 7B 7B 7B
 20+  8068 00 7F 7F 7F  	db	$00, $7F, $7F, $7F, $7F, $7F, $7F, $7F
 20+  806C 7F 7F 7F 7F
 21+  8070 7F 0F 78 7B  	db	$7F, $0F, $78, $7B, $7B, $7B, $7B, $7B
 21+  8074 7B 7B 7B 7B
 22+  8078 7B 1B 07 01  	db	$7B, $1B, $07, $01, $00, $00, $00, $00
 22+  807C 00 00 00 00
 23+  8080
 24+  8080              ;	16
 25+  8080 00 40 70 78  	db	$00, $40, $70, $78, $7B, $7B, $7B, $7B
 25+  8084 7B 7B 7B 7B
 26+  8088 00 00 00 00  	db	$00, $00, $00, $00, $00, $C0, $F0, $F4
 26+  808C 00 C0 F0 F4
 27+  8090 1B 79 7F 6F  	db	$1B, $79, $7F, $6F, $7F, $7F, $7F, $3F
 27+  8094 7F 7F 7F 3F
 28+  8098 F7 F7 9F 79  	db	$F7, $F7, $9F, $79, $7F, $7F, $7F, $7F
 28+  809C 7F 7F 7F 7F
 29+  80A0
 30+  80A0 09 7B 7B 7B  	db	$09, $7B, $7B, $7B, $7B, $5B, $7B, $79
 30+  80A4 7B 5B 7B 79
 31+  80A8 4A F7 F7 F7  	db	$4A, $F7, $F7, $F7, $F7, $F9, $9F, $FF
 31+  80AC F7 F9 9F FF
 32+  80B0 1F 7F 7F 7F  	db	$1F, $7F, $7F, $7F, $7F, $7C, $70, $40
 32+  80B4 7F 7C 70 40
 33+  80B8 7F 7C 70 40  	db	$7F, $7C, $70, $40, $00, $00, $00, $00
 33+  80BC 00 00 00 00
 34+  80C0
 35+  80C0 00 00 00 00  	db	$00, $00, $00, $00, $00, $01, $07, $17
 35+  80C4 00 01 07 17
 36+  80C8 00 01 07 0F  	db	$00, $01, $07, $0F, $6F, $EF, $EF, $EF
 36+  80CC 6F EF EF EF
 37+  80D0 77 77 7C 4F  	db	$77, $77, $7C, $4F, $7F, $7F, $7F, $7F
 37+  80D4 7F 7F 7F 7F
 38+  80D8 FC CF FF 7F  	db	$FC, $CF, $FF, $7F, $7F, $7F, $7F, $7F
 38+  80DC 7F 7F 7F 7F
 39+  80E0
 40+  80E0 29 77 77 77  	db	$29, $77, $77, $77, $77, $4F, $7C, $7F
 40+  80E4 77 4F 7C 7F
 41+  80E8 48 FF FF FE  	db	$48, $FF, $FF, $FE, $FF, $FF, $FF, $CF
 41+  80EC FF FF FF CF
 42+  80F0 7E 1E 06 00  	db	$7E, $1E, $06, $00, $00, $00, $00, $00
 42+  80F4 00 00 00 00
 43+  80F8 FC FF FF FF  	db	$FC, $FF, $FF, $FF, $7F, $17, $07, $01
 43+  80FC 7F 17 07 01
 44+  8100
 45+  8100              ;	32
 46+  8100 00 3F 7F 7F  	db	$00, $3F, $7F, $7F, $00, $3B, $7B, $6B
 46+  8104 00 3B 7B 6B
 47+  8108 00 7D 7F 7F  	db	$00, $7D, $7F, $7F, $00, $E7, $F7, $F7
 47+  810C 00 E7 F7 F7
 48+  8110 00 40 70 7C  	db	$00, $40, $70, $7C, $2F, $6B, $6E, $7F
 48+  8114 2F 6B 6E 7F
 49+  8118 15 7F 6E 6B  	db	$15, $7F, $6E, $6B, $2F, $7C, $70, $40
 49+  811C 2F 7C 70 40
 50+  8120
 51+  8120 00 01 07 1F  	db	$00, $01, $07, $1F, $7A, $6B, $3B, $7F
 51+  8124 7A 6B 3B 7F
 52+  8128 5A 7F 3B 6B  	db	$5A, $7F, $3B, $6B, $7A, $1F, $07, $01
 52+  812C 7A 1F 07 01
 53+  8130 00 00 00 00  	db	$00, $00, $00, $00, $00, $6B, $00, $6D
 53+  8134 00 6B 00 6D
 54+  8138 00 5B 00 6D  	db	$00, $5B, $00, $6D, $00, $00, $00, $00
 54+  813C 00 00 00 00
 55+  8140
 56+  8140 00 00 00 00  	db	$00, $00, $00, $00, $00, $01, $07, $1B
 56+  8144 00 01 07 1B
 57+  8148 7F 1B 07 01  	db	$7F, $1B, $07, $01, $00, $00, $00, $00
 57+  814C 00 00 00 00
 58+  8150 00 00 00 00  	db	$00, $00, $00, $00, $00, $40, $70, $6C
 58+  8154 00 40 70 6C
 59+  8158 7F 6C 70 40  	db	$7F, $6C, $70, $40, $00, $00, $00, $00
 59+  815C 00 00 00 00
 60+  8160
 61+  8160 BD EF 00 00  	db	$BD, $EF, $00, $00, $00, $00, $00, $00
 61+  8164 00 00 00 00
 62+  8168 00 7E 7E 66  	db	$00, $7E, $7E, $66, $66, $7E, $7E, $00
 62+  816C 66 7E 7E 00
 63+  8170 00 7F 7F 00  	db	$00, $7F, $7F, $00, $7F, $7F, $7F, $00
 63+  8174 7F 7F 7F 00
 64+  8178 37 37 37 17  	db	$37, $37, $37, $17, $17, $17, $37, $37
 64+  817C 17 17 37 37
 65+  8180
 66+  8180              ;	48
 67+  8180 7E 7E 7E 7E  	db	$7E, $7E, $7E, $7E, $7E, $7E, $60, $7E
 67+  8184 7E 7E 60 7E
 68+  8188 7E 7E 7E 7E  	db	$7E, $7E, $7E, $7E, $7E, $7E, $7E, $7E
 68+  818C 7E 7E 7E 7E
 69+  8190 77 77 77 77  	db	$77, $77, $77, $77, $77, $77, $77, $77
 69+  8194 77 77 77 77
 70+  8198 00 3F 3F 33  	db	$00, $3F, $3F, #33, $33, $3F, $3F, $00
 70+  819C 33 3F 3F 00
 71+  81A0              ;	52
 72+  81A0 00 00 00 00  	db	$00, $00, $00, $00, $00, $01, $07, $14
 72+  81A4 00 01 07 14
 73+  81A8 00 01 07 0F  	db	$00, $01, $07, $0F, $6F, $EF, $2F, $EF
 73+  81AC 6F EF 2F EF
 74+  81B0 77 76 76 72  	db	$77, $76, $76, $72, $76, $76, $76, $76
 74+  81B4 76 76 76 76
 75+  81B8 EC 6F 6F 6F  	db	$EC, $6F, $6F, $6F, $6F, $6F, $4F, $6F
 75+  81BC 6F 6F 4F 6F
 76+  81C0
 77+  81C0 76 76 76 76  	db	$76, $76, $76, $76, $76, $72, $76, $77
 77+  81C4 76 72 76 77
 78+  81C8 6F 6F 6F 6E  	db	$6F, $6F, $6F, $6E, $6F, $6F, $6F, $EF
 78+  81CC 6F 6F 6F EF
 79+  81D0 74 17 07 01  	db	$74, $17, $07, $01, $00, $00, $00, $00
 79+  81D4 00 00 00 00
 80+  81D8 EC 2F EF EF  	db	$EC, $2F, $EF, $EF, $6F, $0F, $07, $01
 80+  81DC 6F 0F 07 01
 81+  81E0
 82+  81E0 00 40 70 78  	db	$00, $40, $70, $78, $7B, $7B, $7A, $7B
 82+  81E4 7B 7B 7A 7B
 83+  81E8 00 00 00 00  	db	$00, $00, $00, $00, $00, $C0, $70, $94
 83+  81EC 00 C0 70 94
 84+  81F0 3B 79 7B 7B  	db	$3B, $79, $7B, $7B, $7B, $7B, $7B, $7B
 84+  81F4 7B 7B 7B 7B
 85+  81F8 F7 37 37 37  	db	$F7, $37, $37, $37, $37, $37, $37, $27
 85+  81FC 37 37 37 27
 86+  8200
 87+  8200 7B 7B 7B 7B  	db	$7B, $7B, $7B, $7B, $7B, $7B, $79, $7B
 87+  8204 7B 7B 79 7B
 88+  8208 37 37 37 37  	db	$37, $37, $37, $37, $37, $37, $37, $F7
 88+  820C 37 37 37 F7
 89+  8210 1B 7A 7B 7B  	db	$1B, $7A, $7B, $7B, $7B, $78, $70, $40
 89+  8214 7B 78 70 40
 90+  8218 97 74 F0 C0  	db	$97, $74, $F0, $C0, $00, $00, $00, $00
 90+  821C 00 00 00 00
 91+  8220              ;	68
 92+  8220 00 6E 6E 6E  	db	$00, $6E, $6E, $6E, $00, $3E, $7E, $7E
 92+  8224 00 3E 7E 7E
 93+  8228 00 BD BF BF  	db	$00, $BD, $BF, $BF, $80, $B7, $B7, $B7
 93+  822C 80 B7 B7 B7
 94+  8230 00 FF E1 7F  	db	$00, $FF, $E1, $7F, $FF, $DB, $DB, $DB
 94+  8234 FF DB DB DB
 95+  8238 DA DB DB DB  	db	$DA, $DB, $DB, $DB, $FF, $EF, $E1, $FF
 95+  823C FF EF E1 FF
 96+  8240              ;	72
 97+  8240 00 00 00 00  	db	$00, $00, $00, $00, $00, $5D, $5D, $5D
 97+  8244 00 5D 5D 5D
 98+  8248 59 5D 5D 5D  	db	$59, $5D, $5D, $5D, $00, $00, $00, $00
 98+  824C 00 00 00 00
 99+  8250              ;	74
100+  8250 00 00 00...  	ds	8
101+  8258
102+  8258              ;	75
103+  8258 00 00 00 00  	db	$00, $00, $00, $00, $00, $00, $00, $00
103+  825C 00 00 00 00
104+  8260
105+  8260              ;	76
106+  8260 3C 42 B1 B1  	db	$3C, $42, $B1, $B1, $81, $85, $42, $3C
106+  8264 81 85 42 3C
107+  8268 38 64 C1 E3  	db	$38, $64, $C1, $E3, $BF, $9C, $40, $34
107+  826C BF 9C 40 34
108+  8270 00 FC FE 87  	db	$00, $FC, $FE, $87, $03, $0C, $1C, $F8
108+  8274 03 0C 1C F8
109+  8278 38 74 E1 43  	db	$38, $74, $E1, $43, $07, $9E, $C0, $3F
109+  827C 07 9E C0 3F
110+  8280
111+  8280 01 F2 FC 8C  	db	$01, $F2, $FC, $8C, $26, $72, $F1, $E0
111+  8284 26 72 F1 E0
112+  8288 82 4C 38 30  	db	$82, $4C, $38, $30, $66, $6F, $67, $63
112+  828C 66 6F 67 63
113+  8290 71 39 1D 4D  	db	$71, $39, $1D, $4D, $85, $C5, $E1, $72
113+  8294 85 C5 E1 72
114+  8298 26 1C 38 76  	db	$26, $1C, $38, $76, $67, $63, $61, $71
114+  829C 67 63 61 71
115+  82A0
116+  82A0 38 18 4D 8C  	db	$38, $18, $4D, $8C, $8C, $C1, $72, $3C
116+  82A4 8C C1 72 3C
117+  82A8              ;	85
118+  82A8 00 00 00...  	ds	24
119+  82C0
120+  82C0              ;	88
121+  82C0 00 00 07 05  	db	$00, $00, $07, $05, $0F, $18, $30, $60
121+  82C4 0F 18 30 60
122+  82C8 04 08 10 00  	db	$04, $08, $10, $00, $00, $00, $00, $00
122+  82CC 00 00 00 00
123+  82D0 00 0A 04 0A  	db	$00, $0A, $04, $0A, $10, $20, $40, $80
123+  82D4 10 20 40 80
124+  82D8 00 1C 3E 7F  	db	$00, $1C, $3E, $7F, $49, $77, $36, $36
124+  82DC 49 77 36 36
125+  82E0
126+  82E0              ;	92 Pirat
127+  82E0 00 03 0F 3C  	db	$00, $03, $0F, $3C, $5B, $AE, $7D, $3D
127+  82E4 5B AE 7D 3D
128+  82E8 00 C0 F0 40  	db	$00, $C0, $F0, $40, $F8, $20, $D8, $40
128+  82EC F8 20 D8 40
129+  82F0 56 0B 04 0A  	db	$56, $0B, $04, $0A, $25, $42, $A5, $D0
129+  82F4 25 42 A5 D0
130+  82F8 3E FC C0 A8  	db	$3E, $FC, $C0, $A8, $44, $FA, $54, $A9
130+  82FC 44 FA 54 A9
131+  8300
132+  8300 03 07 0F 1D  	db	$03, $07, $0F, $1D, $1E, $2D, $08, $04
132+  8304 1E 2D 08 04
133+  8308 F8 70 F8 72  	db	$F8, $70, $F8, $72, $7A, $72, $7A, $76
133+  830C 7A 72 7A 76
134+  8310 24 40 00 40  	db	$24, $40, $00, $40, $A0, $40, $80, $40
134+  8314 A0 40 80 40
135+  8318 04 08 0C 0C  	db	$04, $08, $0C, $0C, $0C, $06, $16, $0C
135+  831C 0C 06 16 0C
136+  8320
137+  8320 F6 76 F0 60  	db	$F6, $76, $F0, $60, $05, $2A, $5F, $3B
137+  8324 05 2A 5F 3B
138+  8328 80 C0 80 40  	db	$80, $C0, $80, $40, $00, $80, $40, $80
138+  832C 00 80 40 80
139+  8330 79 51 A9 00  	db	$79, $51, $A9, $00, $28, $78, $70, $60
139+  8334 28 78 70 60
140+  8338 C0 A0 C0 00  	db	$C0, $A0, $C0, $00, $60, $30, $70, $20
140+  833C 60 30 70 20
141+  8340
142+  8340 30 18 10 18  	db	$30, $18, $10, $18, $30, $F8, $DC, $00
142+  8344 30 F8 DC 00
143+  8348 30 30 38 2C  	db	$30, $30, $38, $2C, $77, $2B, $00, $00
143+  834C 77 2B 00 00
144+  8350
145+  8350              ;	106 Nietoperz
146+  8350 1F 0F 07 03  	db	$1F, $0F, $07, $03, $03, $00, $00, $00
146+  8354 03 00 00 00
147+  8358 00 94 DD EB  	db	$00, $94, $DD, $EB, $FF, $FF, $1C, $08
147+  835C FF FF 1C 08
148+  8360 7C F8 F0 E0  	db	$7C, $F8, $F0, $E0, $E0, $80, $00, $00
148+  8364 E0 80 00 00
149+  8368
# file closed: tiles.dat
 17   8368
 18   8368              ; ================
 19   8368              ;  Code Start
 20   8368              ; ================
 21   8368              CodeStart:
 22   8368 F3           		di
 23   8369 08           		ex	af,af'
 24   836A D9           		exx
 25   836B F5           		push	af
 26   836C C5           		push	bc
 27   836D D5           		push	de
 28   836E E5           		push	hl
 29   836F D9           		exx
 30   8370 08           		ex	af,af'
 31   8371
 32   8371              		include	init.asm
# file opened: init.asm
  1+  8371              ; ==============
  2+  8371              ;  Init
  3+  8371              ; ==============
  4+  8371
  5+  8371              		BORDER_COLOR BLACK
  5+  8371 3E 00       >		ld	a,BLACK
  5+  8373 D3 FE       >		out	(0FEh),a
  6+  8375              		SET_COLOR	OFF_ATR, ATR_TOP, 24
  6+  8375 11 00 00    >		ld de, OFF_ATR * 256 + OFF_ATR
  6+  8378 21 00 00    >		ld	hl,0000h
  6+  837B 39          >		add	hl,sp			; save SP
  6+  837C 31 00 5B    >		ld	sp,ATR_TOP
  6+  837F 06 18       >		ld	b,24
  6+  8381             >.colour_block:
  6+  8381             >	REPT	16				; zeruje 32 bajty na obrot
  6+  8381 D5          >		push	de
  6+  8382 D5          >		push	de
  6+  8383 D5          >		push	de
  6+  8384 D5          >		push	de
  6+  8385 D5          >		push	de
  6+  8386 D5          >		push	de
  6+  8387 D5          >		push	de
  6+  8388 D5          >		push	de
  6+  8389 D5          >		push	de
  6+  838A D5          >		push	de
  6+  838B D5          >		push	de
  6+  838C D5          >		push	de
  6+  838D D5          >		push	de
  6+  838E D5          >		push	de
  6+  838F D5          >		push	de
  6+  8390 D5          >		push	de
  6+  8391             >	ENDR
  6+  8391 10 EE       >		djnz	.colour_block
  6+  8393 F9          >		ld	sp,hl			; restore SP
  7+  8394              		CLEAR_LINES SCREEN_TOP, 192
  7+  8394 11 00 00    >		ld	de,0000h
  7+  8397 21 00 00    >		ld	hl,0000h
  7+  839A 39          >		add	hl,sp			; save SP
  7+  839B 31 00 58    >		ld	sp,SCREEN_TOP	; czysci od gory
  7+  839E 06 C0       >		ld	b,192		; 192 = 6144 / ( 16 x 2 )
  7+  83A0             >.clear_block:
  7+  83A0             >	REPT	16				; zeruje 32 bajty na obrot
  7+  83A0 D5          >		push	de
  7+  83A1 D5          >		push	de
  7+  83A2 D5          >		push	de
  7+  83A3 D5          >		push	de
  7+  83A4 D5          >		push	de
  7+  83A5 D5          >		push	de
  7+  83A6 D5          >		push	de
  7+  83A7 D5          >		push	de
  7+  83A8 D5          >		push	de
  7+  83A9 D5          >		push	de
  7+  83AA D5          >		push	de
  7+  83AB D5          >		push	de
  7+  83AC D5          >		push	de
  7+  83AD D5          >		push	de
  7+  83AE D5          >		push	de
  7+  83AF D5          >		push	de
  7+  83B0             >	ENDR
  7+  83B0 10 EE       >		djnz	.clear_block
  7+  83B2 F9          >		ld	sp,hl			; restore SP
  8+  83B3
  9+  83B3              ; ------ Oblicza rozmiar mapy --------
 10+  83B3 2A 8F 93     		ld	hl,(map.width)
 11+  83B6 44           		ld	b,h
 12+  83B7 4D           		ld	c,l
 13+  83B8 CD 1E 93     		call	mul8
 14+  83BB 22 91 93     		ld	(map.size),hl
 15+  83BE
 16+  83BE              ; ------ Czyta MAPe i inicjalizuje obiekty ( drzwi i uktyte przejscia ) ------
 17+  83BE DD 21 30 94  		ld	ix,doors
 18+  83C2 FD 21 50 94  		ld	iy,passages
 19+  83C6 21 92 95     		ld	hl,MAP
 20+  83C9 11 00 00     		ld	de,0				; offset obiektow w bajtach
 21+  83CC ED 4B 91 93  		ld	bc,(map.size)
 22+  83D0 D9           		exx
 23+  83D1 21 70 94     		ld	hl,m_walls
 24+  83D4 D9           		exx
 25+  83D5              _next_mapchar:
 26+  83D5 7E           		ld	a,(hl)
 27+  83D6 FE 2B        		cp	C_DOOR_CHAR
 28+  83D8 28 24        		jr	z,_init_door
 29+  83DA
 30+  83DA FE 2F        		cp	O_DOOR_CHAR
 31+  83DC 28 20        		jr	z,_init_door
 32+  83DE
 33+  83DE FE 7C        		cp	M_WALL_CHAR
 34+  83E0 20 0A        		jr	nz,_maybe_psg
 35+  83E2
 36+  83E2              		; --- przesuwane sciany ---
 37+  83E2 D5           		push	de
 38+  83E3 D9           		exx
 39+  83E4 D1           		pop		de
 40+  83E5 73           		ld	(hl),e
 41+  83E6 23           		inc	hl
 42+  83E7 72           		ld	(hl),d
 43+  83E8 23           		inc	hl
 44+  83E9 D9           		exx
 45+  83EA 36 23        		ld	(hl),WALL_CHAR
 46+  83EC              _maybe_psg
 47+  83EC FE 3D        		cp	PASSAGE_CHAR
 48+  83EE 20 18        		jr	nz,_inc_counters
 49+  83F0
 50+  83F0              		; --- ukryte przejscia ----
 51+  83F0 FD 73 00     		ld	(iy),e
 52+  83F3 FD 72 01     		ld	(iy+1),d
 53+  83F6 FD 23        		inc	iy
 54+  83F8 FD 23        		inc	iy
 55+  83FA 36 23        		ld	(hl),WALL_CHAR
 56+  83FC 18 0A        		jr	_inc_counters
 57+  83FE              		; ---	drzwi   ---
 58+  83FE              		; 0 - MAP Ofs lsb, 1 - msb, 2 - open(0), close(1)
 59+  83FE              _init_door:
 60+  83FE DD 73 00     		ld	(ix),e				; offset obiektu lsb
 61+  8401 DD 72 01     		ld	(ix+1),d			; msb
 62+  8404 DD 23        		inc	ix
 63+  8406 DD 23        		inc	ix
 64+  8408              		; -----------------
 65+  8408              _inc_counters:
 66+  8408 23           		inc	hl
 67+  8409 13           		inc	de
 68+  840A 0B           		dec	bc
 69+  840B 78           		ld	a,b
 70+  840C B1           		or	c
 71+  840D 20 C6        		jr	nz,_next_mapchar
 72+  840F
 73+  840F              ; Oblicza i wypelnia tabele neighbor_offs
 74+  840F DD 21 A1 93  		ld	ix,neighbor_offs
 75+  8413 3A 8F 93     		ld	a,(map.width)
 76+  8416 DD 77 02     		ld	(ix+2),a
 77+  8419 ED 44        		neg
 78+  841B DD 77 00     		ld	(ix),a
 79+  841E
 80+  841E              ; -------------------------------------------------------
 81+  841E              ; Oblicza i wypelnia wynikami tabele offsetow
 82+  841E              ; potencjalnie widzialnych Tiles - fov_offsets
 83+  841E              ; W zaleznosci od kierunku patrzenia kazde tile w polu widzenia
 84+  841E              ; dostanie swoj offset wzgledem Hero
 85+  841E              ; -------------------------------------------------------
 86+  841E              calc_fov:
 87+  841E              		; --- EAST & NORTH ---
 88+  841E FD 21 85 8C  		ld	iy,fov_n + 4
 89+  8422 DD 21 A9 8C  		ld	ix,fov_e + 4
 90+  8426 06 04        		ld	b,4			; glebokosc fov
 91+  8428 16 00        		ld	d,0
 92+  842A 1E 0A        		ld	e,10			; offset adresu od 5 do 2
 93+  842C 3A 8F 93     		ld	a,(map.width)
 94+  842F 4F           		ld	c,a
 95+  8430              _nxtrow:
 96+  8430 80           		add	a,b
 97+  8431 DD 77 02     		ld	(ix+2),a
 98+  8434 78           		ld	a,b
 99+  8435 91           		sub	c
100+  8436 DD 77 FE     		ld	(ix-2),a
101+  8439 DD 36 FF FF  		ld	(ix-1),0FFh
102+  843D DD 70 00     		ld	(ix),b
103+  8440
104+  8440 CD 1E 93     		call	mul8
105+  8443 7C           		ld	a,h
106+  8444 2F           		cpl
107+  8445 67           		ld	h,a
108+  8446 7D           		ld	a,l
109+  8447 2F           		cpl
110+  8448 6F           		ld	l,a
111+  8449 FD 75 FE     		ld	(iy-2),l
112+  844C FD 74 FF     		ld	(iy-1),h
113+  844F 23           		inc	hl
114+  8450
115+  8450 FD 75 00     		ld	(iy),l
116+  8453 FD 74 01     		ld	(iy+1),h
117+  8456 23           		inc	hl
118+  8457 FD 75 02     		ld	(iy+2),l
119+  845A FD 74 03     		ld	(iy+3),h
120+  845D
121+  845D 78           		ld	a,b
122+  845E FE 03        		cp	3
123+  8460 38 2C        		jr	c,_ommit1
124+  8462 DD 7E 02     		ld	a,(ix+2)
125+  8465 81           		add	a,c
126+  8466 DD 77 04     		ld	(ix+4),a
127+  8469 DD 7E FE     		ld	a,(ix-2)
128+  846C 91           		sub	c
129+  846D DD 77 FC     		ld	(ix-4),a
130+  8470 DD 36 FD FF  		ld	(ix-3),0FFh
131+  8474
132+  8474 FD 6E FE     		ld	l,(iy-2)
133+  8477 FD 66 FF     		ld	h,(iy-1)
134+  847A 2B           		dec	hl
135+  847B FD 75 FC     		ld	(iy-4),l
136+  847E FD 74 FD     		ld	(iy-3),h
137+  8481 FD 6E 02     		ld	l,(iy+2)
138+  8484 FD 66 03     		ld	h,(iy+3)
139+  8487 23           		inc	hl
140+  8488 FD 75 04     		ld	(iy+4),l
141+  848B FD 74 05     		ld	(iy+5),h
142+  848E              _ommit1:
143+  848E DD 19        		add	ix,de
144+  8490 FD 19        		add	iy,de
145+  8492 1D           		dec	e
146+  8493 1D           		dec	e
147+  8494 79           		ld	a,c
148+  8495 10 99        		djnz	_nxtrow
149+  8497
150+  8497 DD 77 02     		ld	(ix+2),a
151+  849A ED 44        		neg
152+  849C DD 77 00     		ld	(ix),a
153+  849F DD 36 01 FF  		ld	(ix+1),0FFh
154+  84A3 FD 36 00 FF  		ld	(iy),-1
155+  84A7 FD 36 01 FF  		ld	(iy+1),0FFh
156+  84AB FD 36 02 01  		ld	(iy+2),1
157+  84AF              		;--- WEST & SOUTH ---
158+  84AF 21 81 8C     		ld	hl,fov_n
159+  84B2 11 C9 8C     		ld	de,fov_s
160+  84B5 06 24        		ld	b,36
161+  84B7 C5           _nxt1:	push	bc
162+  84B8 7E           		ld	a,(hl)
163+  84B9 2F           		cpl
164+  84BA 4F           		ld	c,a
165+  84BB 23           		inc	hl
166+  84BC 7E           		ld	a,(hl)
167+  84BD 2F           		cpl
168+  84BE 47           		ld	b,a
169+  84BF 03           		inc	bc
170+  84C0 79           		ld	a,c
171+  84C1 12           		ld	(de),a
172+  84C2 13           		inc	de
173+  84C3 78           		ld	a,b
174+  84C4 12           		ld	(de),a
175+  84C5 23           		inc	hl
176+  84C6 13           		inc	de
177+  84C7 C1           		pop	bc
178+  84C8 10 ED        		djnz	_nxt1
179+  84CA
180+  84CA              ; Wbija biezace statystyki hero do stringow stat_info
181+  84CA CD 1A 88     		call	update_info_strings
182+  84CD CD 58 88     		call	print_info
183+  84D0
184+  84D0              ; Drukuje ramki
185+  84D0 CD 33 8A     		call	print_frames
186+  84D3
187+  84D3              		; kolory okna powiadomien
188+  84D3 3E 07        		ld	a,MSG_ATR
189+  84D5 06 02        		ld	b,MSG_HEIGHT
190+  84D7 0E 11        		ld	c,MSG_WIDTH
191+  84D9 11 00 09     		ld	de,MSG_YX
192+  84DC CD CD 89     		call set_atr_block
193+  84DF
194+  84DF              		; kolory ramki mapy
195+  84DF 3E 04        		ld	a,FOV_FRAME_ATR
196+  84E1 06 0B        		ld	b,FOV_FRAME_H
197+  84E3 0E 0B        		ld	c,FOV_FRAME_W
198+  84E5 11 03 0C     		ld	de,FOV_FRAME_YX
199+  84E8 CD CD 89     		call set_atr_block
200+  84EB
201+  84EB              ;		; kolory ramki	3D
202+  84EB 3E 03        		ld	a,W3D_FRAME_ATR
203+  84ED 06 08        		ld	b,W3D_FRAME_H
204+  84EF 0E 0B        		ld	c,W3D_FRAME_W
205+  84F1 11 03 00     		ld	de,W3D_FRAME_YX
206+  84F4 CD CD 89     		call set_atr_block
207+  84F7
208+  84F7              		; kolory okna mapy
209+  84F7 3E 02        		ld	a,FOV_ATR
210+  84F9 06 09        		ld	b,FOV_HEIGHT
211+  84FB 0E 09        		ld	c,FOV_WIDTH
212+  84FD 11 04 0D     		ld	de,FOV_YX
213+  8500 CD CD 89     		call set_atr_block
214+  8503
215+  8503              		; kolory okna statystyk
216+  8503 3E 06        		ld	a,STS_ATR
217+  8505 06 07        		ld	b,STS_HEIGHT
218+  8507 0E 09        		ld	c,STS_WIDTH
219+  8509 11 17 01     		ld	de,STS_YX
220+  850C CD CD 89     		call set_atr_block
221+  850F
222+  850F              		; kolory okna przedmiotow
223+  850F 3E 05        		ld	a,ITM_ATR
224+  8511 06 03        		ld	b,ITM_HEIGHT
225+  8513 0E 09        		ld	c,ITM_WIDTH
226+  8515 11 17 09     		ld	de,ITM_YX
227+  8518 CD CD 89     		call set_atr_block
228+  851B
229+  851B              		;kolor Hero w oknie mapy
230+  851B 3E 06        		ld	a, HERO_ATR
231+  851D 11 08 11     		ld	de,HERO_YX
232+  8520 0E 01        		ld	c,1					; jeden znak
233+  8522 CD B3 89     		call	set_atr_line
234+  8525
235+  8525
236+  8525              _restart
237+  8525              ; Na podstawie Y,X oblicza offset hero wzgledem poczatku map'y
238+  8525              ;		ld	a,(hero.mapY)
239+  8525 3E 02        		ld	a,HERO_MAP_Y
240+  8527 4F           		ld	c,a
241+  8528 3A 8F 93     		ld	a,(map.width)
242+  852B 47           		ld	b,a
243+  852C CD 1E 93     		call	mul8
244+  852F              ;		ld	a,(hero.mapX)
245+  852F 3E 02        		ld	a,HERO_MAP_X
246+  8531 16 00        		ld	d,0
247+  8533 5F           		ld	e,a
248+  8534 19           		add	hl,de
249+  8535 22 94 93     		ld	(hero.offset),hl
250+  8538
# file closed: init.asm
 33   8538
 34   8538              ; ===============  M A I N    L O O P =================
 35   8538
 36   8538              refresh:
 37   8538              		; czyszczenie okna fov
 38   8538 21 A4 48     		ld	hl,FOV_ADR
 39   853B 06 09        		ld	b,FOV_HEIGHT
 40   853D CD 61 89     		call	clear_txtlines
 41   8540
 42   8540              		; czyszczenie okna 3d
 43   8540 21 24 40     		ld	hl,W3D_ADR
 44   8543 06 06        		ld	b,W3D_HEIGHT
 45   8545 CD 61 89     		call	clear_txtlines
 46   8548
 47   8548              		; "wygaszone" okno 3D przy rysowaniu
 48   8548 3E 00        		ld	a,OFF_ATR
 49   854A 06 06        		ld	b,W3D_HEIGHT
 50   854C 0E 09        		ld	c,W3D_WIDTH
 51   854E 11 04 01     		ld	de, W3D_YX
 52   8551 CD CD 89     		call set_atr_block
 53   8554
 54   8554 CD F2 87     		call	check_flags
 55   8557
 56   8557              		; -----------------------
 57   8557              		; Pole widzenia na ekran
 58   8557              		; -----------------------
 59   8557 CD 00 8B     		call	field_of_view		; fov.asm
 60   855A
 61   855A              		; -----------------------
 62   855A              		;  "widzialnosc" okna 3D
 63   855A              		; -----------------------
 64   855A CD F0 89     		call	atr_buff_to_atr
 65   855D
 66   855D              		; -----------------
 67   855D              		; Hero na ekran	fov
 68   855D              		; -----------------
 69   855D 21 9D 93     		ld	hl,hero_i				; ikona hero
 70   8560 3A 93 93     		ld	a,(hero.direction)		; w zaleznosci
 71   8563 06 00        		ld	b,0						; od kierunku
 72   8565 4F           		ld	c,a						; i zwrotu
 73   8566 09           		add	hl,bc					; ^ > v <
 74   8567 7E           		ld	a,(hl)
 75   8568 11 28 50     		ld	de,HERO_ADR
 76   856B CD D2 88     		call	pchar
 77   856E
 78   856E              wait_release:
 79   856E CD 67 93     		call	scan_keyboard
 80   8571 B7           		or	a
 81   8572 20 FA        		jr	nz,wait_release
 82   8574
 83   8574              key_press:
 84   8574 CD 67 93     		call	scan_keyboard
 85   8577
 86   8577 FE 00        		cp	0
 87   8579 CA 74 85     		jp	z,key_press
 88   857C FE 01        		cp	1
 89   857E CA BE 86     		jp	z,move			; bit 0: I
 90   8581 FE 02        		cp	2
 91   8583 CA 66 86     		jp	z,trn_r			; bit 1: L
 92   8586 FE 04        		cp	4
 93   8588 CA 9C 85     		jp	z,look_down		; bit 2: K
 94   858B FE 08        		cp	8
 95   858D CA 78 86     		jp	z,trn_l			; bit 3: J
 96   8590 FE 10        		cp	16
 97   8592 CA CC 85     		jp	z,look_ahead	; bit 4: O
 98   8595 FE 20        		cp	32
 99   8597 CA F6 85     		jp	z,push_it		; bit 5: U
100   859A
101   859A
102   859A 18 D8        		jr	key_press
103   859C              ; ----------------------------------------------------
104   859C              ; W zaleznosci od tego co pod nogami deleguje akcje
105   859C              ; ----------------------------------------------------
106   859C              look_down:
107   859C CD D6 89     		call	message_area_clear
108   859F              		PRINT_STR	MSG_LINE1 + 2, msg_floor
108   859F 11 22 48    >		ld	de,MSG_LINE1 + 2
108   85A2 01 0F 95    >		ld	bc,msg_floor
108   85A5 CD 4C 89    >		call	pstring
109   85A8 CD 35 87     		call	examine_floor
110   85AB 79           		ld	a,c
111   85AC FE 7E        		cp	KEY_CHAR
112   85AE CA 53 87     		jp	z,take_key
113   85B1
114   85B1 FE 28        		cp	WEAPON_CHAR
115   85B3 CA 6C 87     		jp	z,take_weapon
116   85B6
117   85B6 FE 5B        		cp	ARMOUR_CHAR
118   85B8 CA 8E 87     		jp	z,take_armour
119   85BB
120   85BB FE 50        		cp	PORTAL_CHAR
121   85BD CA 91 88     		jp	z,teleport
122   85C0
123   85C0              		; jesli nic nie ma
124   85C0              		PRINT_STR	MSG_LINE2 + 2, msg_dust
124   85C0 11 42 48    >		ld	de,MSG_LINE2 + 2
124   85C3 01 1D 95    >		ld	bc,msg_dust
124   85C6 CD 4C 89    >		call	pstring
125   85C9 C3 6E 85     		jp wait_release
126   85CC
127   85CC              ; ----------------------------------------------------
128   85CC              ; W zaleznosci od tego co przed oczami deleguje akcje
129   85CC              ; ----------------------------------------------------
130   85CC              look_ahead:
131   85CC CD D6 89     		call	message_area_clear
132   85CF CD DF 86     		call	right_before
133   85D2 FE 2B        		cp	C_DOOR_CHAR
134   85D4 CA 8A 86     		jp	z,move_door
135   85D7
136   85D7 FE 2F        		cp	O_DOOR_CHAR
137   85D9 CA 8A 86     		jp	z,move_door
138   85DC
139   85DC FE 26        		cp	FIGURE_CHAR
140   85DE C2 FB 86     		jp	nz,search_passage
141   85E1
142   85E1              		PRINT_STR	MSG_LINE1 + 1, msg_figure1
142   85E1 11 21 48    >		ld	de,MSG_LINE1 + 1
142   85E4 01 2B 95    >		ld	bc,msg_figure1
142   85E7 CD 4C 89    >		call	pstring
143   85EA              		PRINT_STR	MSG_LINE2 + 4, msg_figure2
143   85EA 11 44 48    >		ld	de,MSG_LINE2 + 4
143   85ED 01 3B 95    >		ld	bc,msg_figure2
143   85F0 CD 4C 89    >		call	pstring
144   85F3 C3 6E 85     		jp	wait_release
145   85F6
146   85F6              ; ----------------------------------------------------
147   85F6              ; W zaleznosci od tego co przed oczami deleguje akcje
148   85F6              ; ----------------------------------------------------
149   85F6              push_it:
150   85F6 CD D6 89     		call	message_area_clear
151   85F9 CD DF 86     		call	right_before
152   85FC
153   85FC FE 26        		cp	FIGURE_CHAR
154   85FE CA 5D 8E     		jp	z,talk_figure
155   8601
156   8601              		; jesli nie postac
157   8601 E5           		push	hl					; SAVE tile adres
158   8602 21 70 94     		ld	hl,m_walls
159   8605 CD 04 88     		call	check_offset16
160   8608 E5           		push	hl
161   8609 DD E1        		pop		ix					; msb wskaznika z listy m_walls
162   860B
163   860B E1           		pop		hl					; RESTORE tile adres
164   860C
165   860C              		; jesli nie sciana
166   860C FE FF        		cp	NONE
167   860E CA 2A 86     		jp	z,_no_move
168   8611
169   8611              		; jesli sciana sprawdza co za sciana
170   8611 ED 4B 94 93  		ld	bc,(hero.offset)		; SAVE hero offset
171   8615 ED 53 94 93  		ld	(hero.offset),de		; offset sciany jako hero
172   8619 D9           		exx
173   861A CD DF 86     		call	right_before
174   861D              		; jesli za sciana pusto
175   861D FE 20        		cp	FLOOR_CHAR
176   861F 28 2A        		jr	z,_floor
177   8621              		; jesli za sciana zapadnia
178   8621 FE 2E        		cp	PIT_CHAR
179   8623 28 11        		jr	z,_trap
180   8625
181   8625 D9           		exx
182   8626 ED 43 94 93  		ld	(hero.offset),bc		; RESTORE hero offset
183   862A              _no_move
184   862A              		PRINT_STR	MSG_LINE1 + 5, msg_no_way
184   862A 11 25 48    >		ld	de,MSG_LINE1 + 5
184   862D 01 4D 95    >		ld	bc,msg_no_way
184   8630 CD 4C 89    >		call	pstring
185   8633 C3 6E 85     		jp	wait_release
186   8636 36 20        _trap	ld	(hl),FLOOR_CHAR
187   8638 DD 36 00 00  		ld	(ix),0
188   863C DD 36 FF 00  		ld	(ix-1),0
189   8640              		PRINT_STR	MSG_LINE2, msg_pitfilled
189   8640 11 40 48    >		ld	de,MSG_LINE2
189   8643 01 5C 95    >		ld	bc,msg_pitfilled
189   8646 CD 4C 89    >		call	pstring
190   8649 18 08        		jr	_common_ext
191   864B              _floor
192   864B 36 23        		ld	(hl),WALL_CHAR
193   864D DD 72 00     		ld	(ix),d
194   8650 DD 73 FF     		ld	(ix-1),e
195   8653              _common_ext
196   8653 D9           		exx
197   8654 36 20        		ld	(hl),FLOOR_CHAR
198   8656 ED 43 94 93  		ld	(hero.offset),bc		; RESTORE hero offset
199   865A              		PRINT_STR	MSG_LINE1 + 6, msg_mwall
199   865A 11 26 48    >		ld	de,MSG_LINE1 + 6
199   865D 01 55 95    >		ld	bc,msg_mwall
199   8660 CD 4C 89    >		call	pstring
200   8663 C3 38 85     		jp	refresh
201   8666
202   8666              ; -------------------------
203   8666              trn_r:
204   8666 CD D6 89     		call	message_area_clear
205   8669 21 93 93     		ld	hl,hero.direction
206   866C 34           		inc	(hl)
207   866D 7E           		ld	a,(hl)
208   866E FE 04        		cp	WEST+1
209   8670 C2 38 85     		jp	nz,refresh
210   8673 36 00        		ld	(hl),NORTH
211   8675 C3 38 85     		jp	refresh
212   8678              trn_l:
213   8678 CD D6 89     		call	message_area_clear
214   867B 21 93 93     		ld	hl,hero.direction
215   867E 35           		dec	(hl)
216   867F 7E           		ld	a,(hl)
217   8680 FE FF        		cp	NORTH-1
218   8682 C2 38 85     		jp	nz,refresh
219   8685 36 03        		ld	(hl),WEST
220   8687 C3 38 85     		jp	refresh
221   868A
222   868A              ; otwiera lub zamyka drzwi
223   868A              move_door:
224   868A E5           		push	hl				; save adresu drzwi
225   868B CD DC 87     		call	room_label
226   868E              		PRINT_STR	MSG_LINE1 + 3, msg_door
226   868E 11 23 48    >		ld	de,MSG_LINE1 + 3
226   8691 01 C2 94    >		ld	bc,msg_door
226   8694 CD 4C 89    >		call	pstring
227   8697 E1           		pop		hl				; restore
228   8698 7E           		ld	a,(hl)
229   8699 FE 2F        		cp	O_DOOR_CHAR
230   869B 28 16        		jr	z,close_door
231   869D
232   869D              open_door:
233   869D CD 3F 87     		call	check_key
234   86A0 28 05        		jr	z,_no_key
235   86A2 36 2F        		ld	(hl),O_DOOR_CHAR
236   86A4 C3 38 85     		jp	refresh
237   86A7              _no_key
238   86A7              		PRINT_STR	MSG_LINE2 + 3, msg_nokey
238   86A7 11 43 48    >		ld	de,MSG_LINE2 + 3
238   86AA 01 DC 94    >		ld	bc,msg_nokey
238   86AD CD 4C 89    >		call	pstring
239   86B0 C3 6E 85     		jp	wait_release
240   86B3              close_door:
241   86B3 36 2B        		ld	(hl),C_DOOR_CHAR
242   86B5 3A 90 94     		ld	a,(door_nr)
243   86B8 CD 4A 87     		call	remove_key
244   86BB C3 38 85     		jp	refresh
245   86BE
246   86BE              ;-------------------------------------------------
247   86BE              ; Zmienia pozycje Hero
248   86BE              ; IN: DE - nowa pozycja ( offset wzgl. MAP )
249   86BE              ;-------------------------------------------------
250   86BE              move:
251   86BE CD DF 86     		call	right_before
252   86C1
253   86C1 FE 23        		cp	WALL_CHAR
254   86C3 CA 74 85     		jp	z,key_press
255   86C6 FE 2B        		cp	C_DOOR_CHAR
256   86C8 CA 74 85     		jp	z,key_press
257   86CB FE 26        		cp	FIGURE_CHAR
258   86CD CA 74 85     		jp	z,key_press
259   86D0 FE 2E        		cp	PIT_CHAR
260   86D2 CA 7C 88     		jp	z,abbys
261   86D5
262   86D5 ED 53 94 93  		ld	(hero.offset),de	; Hero new offset
263   86D9
264   86D9 CD D6 89     		call	message_area_clear
265   86DC C3 38 85     		jp	refresh
266   86DF
267   86DF              ;-----------------------------------------
268   86DF              ; Funkja wypluwa:
269   86DF              ; w A - char Tile bezposrednio przed Hero
270   86DF              ; e DE - jego OFFSET wzgl. MAP
271   86DF              ; w HL - jego ADRESS
272   86DF              ;-----------------------------------------
273   86DF              right_before:
274   86DF 21 A1 93     		ld	hl,neighbor_offs
275   86E2 ED 5B 93 93  		ld	de,(hero.direction)
276   86E6 16 00        		ld	d,00h
277   86E8 19           		add	hl,de		; adres offset'u Tile wzgl Hero
278   86E9 5E           		ld	e,(hl)
279   86EA CB 7B        		bit	7,e
280   86EC 28 02        		jr	z,_addit
281   86EE 16 FF        		ld	d,0FFh
282   86F0 2A 94 93     _addit	ld	hl,(hero.offset)
283   86F3 19           		add	hl,de
284   86F4 EB           		ex	de,hl		; offset Tile wzgl mapy
285   86F5 21 92 95     		ld	hl,MAP
286   86F8 19           		add	hl,de		; ADRES TILE PRZED HERO !
287   86F9 7E           		ld	a,(hl)		; a w A jego ikona (ascii)
288   86FA C9           		ret
289   86FB
290   86FB              ;--------------------------------------------
291   86FB              ; Szuka ukrytych przejsc itp.
292   86FB              ;--------------------------------------------
293   86FB              search_passage:
294   86FB E5           		push	hl					; SAVE adres char przed Hero
295   86FC D9           		exx
296   86FD              		PRINT_STR	MSG_LINE1 + 2, msg_searching
296   86FD 11 22 48    >		ld	de,MSG_LINE1 + 2
296   8700 01 95 94    >		ld	bc,msg_searching
296   8703 CD 4C 89    >		call	pstring
297   8706 D9           		exx
298   8707
299   8707              		; ukryte przejscie ?
300   8707 06 10        		ld	b,OBJ_MAX
301   8709 21 50 94     		ld	hl,passages
302   870C CD 04 88     		call	check_offset16		; w HL msb offsety znalezionego objektu
303   870F
304   870F D1           		pop		de					; RESTORE adres
305   8710
306   8710 FE FF        		cp	0FFh					; a moze nic tu nie ma?
307   8712 CA 29 87     		jp	z,_nothing_here
308   8715
309   8715 3E 20        		ld	a,FLOOR_CHAR
310   8717 12           		ld	(de),a					; jesli przejcie to zburz mur
311   8718 36 00        		ld	(hl),0					; Zeruje ten offset na liscie
312   871A 2B           		dec	hl						; nieodkrytych
313   871B 36 00        		ld	(hl),0					; przejsc
314   871D              		PRINT_STR	MSG_LINE2 + 2, msg_psgfinded
314   871D 11 42 48    >		ld	de,MSG_LINE2 + 2
314   8720 01 B3 94    >		ld	bc,msg_psgfinded
314   8723 CD 4C 89    >		call	pstring
315   8726 C3 38 85     		jp	refresh
316   8729
317   8729              _nothing_here
318   8729              		PRINT_STR	MSG_LINE2 + 1, msg_nothing
318   8729 11 41 48    >		ld	de,MSG_LINE2 + 1
318   872C 01 A3 94    >		ld	bc,msg_nothing
318   872F CD 4C 89    >		call	pstring
319   8732 C3 6E 85     		jp	wait_release
320   8735
321   8735              ; ----------------------------------------------------
322   8735              ; Sprawdza co lezy pod nogami.
323   8735              ; OUT:	C - char przedmiotu
324   8735              ;		HL - jego adress
325   8735              ;		DE - i offset
326   8735              ; ----------------------------------------------------
327   8735              examine_floor:
328   8735 ED 5B 94 93  		ld	de,(hero.offset)
329   8739 21 92 95     		ld	hl,MAP
330   873C 19           		add	hl,de
331   873D 4E           		ld	c,(hl)
332   873E C9           		ret
333   873F
334   873F              ; --------------------------------------
335   873F              ; Sprawdza czy jest klucz do tych drzwi
336   873F              ; OUT:	A = 0 nie ma klucza, A != 0 jest
337   873F              ; --------------------------------------
338   873F              check_key:
339   873F 3A 90 94     		ld	a,(door_nr)
340   8742 11 9B 93     		ld	de,hero.bag.keys
341   8745 CD 57 93     		call	nr_to_bit
342   8748 A1           		and	c
343   8749 C9           		ret
344   874A
345   874A              ; ----------------------------------------------------
346   874A              ; Wyjmuje klucz z otwartych drzwi i laduje do plecaka
347   874A              ; IN:	A - nr drzwi
348   874A              ; ----------------------------------------------------
349   874A              remove_key:
350   874A 11 9B 93     		ld	de,hero.bag.keys
351   874D CD 57 93     		call	nr_to_bit
352   8750 B1           		or	c
353   8751 12           		ld	(de),a
354   8752 C9           		ret
355   8753
356   8753              ; ----------------------------------------------------
357   8753              ; Podnosi klucz z gleby i laduje do plecaka
358   8753              ; IN:	C - char klucza
359   8753              ; ----------------------------------------------------
360   8753              take_key:
361   8753 CD BB 87     		call	find_on_map
362   8756 36 20        		ld	(hl),FLOOR_CHAR		; wziety z gleby
363   8758 21 12 97     		ld	hl,key_door_nr
364   875B 19           		add	hl,de
365   875C 7E           		ld	a,(hl)
366   875D CD 4A 87     		call	remove_key
367   8760              		PRINT_STR	MSG_LINE2 + 4, msg_key
367   8760 11 44 48    >		ld	de,MSG_LINE2 + 4
367   8763 01 E8 94    >		ld	bc,msg_key
367   8766 CD 4C 89    >		call	pstring
368   8769 C3 6E 85     		jp	wait_release
369   876C
370   876C              ; ----------------------------------------------------
371   876C              ; Podnosi bron z gleby i laduje do plecaka
372   876C              ; IN:	C - char broni
373   876C              ; ----------------------------------------------------
374   876C              take_weapon:
375   876C CD BB 87     		call	find_on_map
376   876F 36 20        		ld	(hl),FLOOR_CHAR		; wziety z gleby
377   8771 21 16 97     		ld	hl,weapon_pow
378   8774 19           		add	hl,de
379   8775 7E           		ld	a,(hl)
380   8776 32 99 93     		ld	(hero.bag.weapon),a
381   8779              		PRINT_STR	MSG_LINE2 + 2, msg_weapon
381   8779 11 42 48    >		ld	de,MSG_LINE2 + 2
381   877C 01 F3 94    >		ld	bc,msg_weapon
381   877F CD 4C 89    >		call	pstring
382   8782 21 99 93     		ld	hl,hero.bag.weapon
383   8785 11 97 93     		ld	de,hero.stat.str
384   8788 CD B0 87     		call	equip
385   878B C3 6E 85     		jp	wait_release
386   878E
387   878E              ; ----------------------------------------------------
388   878E              ; Podnosi zbroje z gleby i laduje do plecaka
389   878E              ; IN:	C - char zbroi
390   878E              ; ----------------------------------------------------
391   878E              take_armour:
392   878E CD BB 87     		call	find_on_map
393   8791 36 20        		ld	(hl),FLOOR_CHAR		; wziety z gleby
394   8793 21 18 97     		ld	hl,armour_pow
395   8796 19           		add	hl,de
396   8797 7E           		ld	a,(hl)
397   8798 32 9A 93     		ld	(hero.bag.armour),a
398   879B 21 9A 93     		ld	hl,hero.bag.armour
399   879E 11 98 93     		ld	de,hero.stat.def
400   87A1 CD B0 87     		call	equip
401   87A4              		PRINT_STR	MSG_LINE2 + 2, msg_armour
401   87A4 11 42 48    >		ld	de,MSG_LINE2 + 2
401   87A7 01 01 95    >		ld	bc,msg_armour
401   87AA CD 4C 89    >		call	pstring
402   87AD C3 6E 85     		jp	wait_release
403   87B0
404   87B0              ; ----------------------------------------------------
405   87B0              ; Wyciaga item z plecaka celem uzywania
406   87B0              ; IN:	HL - adres item w plecaku
407   87B0              ;		DE - adres statystyki, na ktora wplywa
408   87B0              ; ----------------------------------------------------
409   87B0              equip:
410   87B0 4E           		ld	c,(hl)
411   87B1 1A           		ld	a,(de)
412   87B2 81           		add	a,c
413   87B3 12           		ld	(de),a
414   87B4 CD 1A 88     		call	update_info_strings
415   87B7 CD 58 88     		call	print_info
416   87BA C9           		ret
417   87BB
418   87BB              ; ----------------------------------------------------
419   87BB              ; Przeszukuje mape w poszukiwaniu char'a
420   87BB              ; IN:	C - char do znalezienia
421   87BB              ;		HL - adres do sprawdzenia
422   87BB              ; OUT:	B, DE	- ktory w kolejnosci na MAP'e
423   87BB              ; ----------------------------------------------------
424   87BB              find_on_map:
425   87BB EB           		ex	de,hl				; adres do znalezienia w DE
426   87BC 06 00        		ld	b,0					; licznik C char'ow
427   87BE 21 92 95     		ld	hl,MAP
428   87C1              _not_this
429   87C1 7E           		ld	a,(hl)
430   87C2 B9           		cp	c
431   87C3 28 03        		jr	z,_maybe_this
432   87C5 23           		inc	hl
433   87C6 18 F9        		jr	_not_this
434   87C8              _maybe_this
435   87C8 7B           		ld	a,e
436   87C9 BD           		cp	l
437   87CA 28 04        		jr	z,_check_msb
438   87CC 23           		inc hl
439   87CD 04           		inc	b					; char ten, ale nie ten adres
440   87CE 18 F1        		jr _not_this			; jednak nie
441   87D0              _check_msb
442   87D0 7A           		ld	a,d
443   87D1 BC           		cp	h
444   87D2 28 04        		jr	z,_this_one
445   87D4 23           		inc	hl
446   87D5 04           		inc	b					; char ten, ale nie ten adres
447   87D6 18 E9        		jr _not_this			; no nie
448   87D8              _this_one
449   87D8 16 00        		ld	d,0
450   87DA 58           		ld	e,b
451   87DB C9           		ret
452   87DC
453   87DC              ;-------------------------------------------------------
454   87DC              ; Przeszukuje po offsecie liste wszystkich drzwi
455   87DC              ; Drukuje nr na drzwiach przed Hero i wbija do zmiennej
456   87DC              ; IN:  DE - offset drzwi ( wzgl. map )
457   87DC              ; USED : A, BC, HL
458   87DC              ;-------------------------------------------------------
459   87DC              room_label:
460   87DC 06 10        		ld	b,OBJ_MAX
461   87DE 21 30 94     		ld	hl,doors
462   87E1 CD 04 88     		call	check_offset16
463   87E4 3C           		inc	a
464   87E5 32 90 94     		ld	(door_nr),a			; do zmiennej
465   87E8 CD 33 93     		call	h2asci			; zamiana na ascii do druku
466   87EB 21 CB 94     		ld	hl,msg_door_nr
467   87EE 71           		ld	(hl),c
468   87EF 23           		inc	hl
469   87F0 70           		ld	(hl),b
470   87F1 C9           		ret
471   87F2
472   87F2              ; ------------------------
473   87F2              ; Sprawdza flagi
474   87F2              ; ------------------------
475   87F2              check_flags:
476   87F2 3A 92 94     		ld	a,(game_flags)
477   87F5 E6 80        		and	%10000000
478   87F7 28 0A        		jr	z,_clr_flags
479   87F9 E6 7F        		and	%01111111
480   87FB 32 92 94     		ld	(game_flags),a
481   87FE 2A 93 94     		ld	hl,(flash_adr)
482   8801 36 02        		ld	(hl),FOV_ATR
483   8803              _clr_flags
484   8803 C9           		ret
485   8804
486   8804              ;------------------------------------------------------------------
487   8804              ; szuka 16-bitowego offsetu na liscie objektow
488   8804              ; IN:	DE - offset do wyszukania
489   8804              ;	 	HL - adres listy offsetow objektow ( H - msb )
490   8804              ; OUT:	A  - jesli FFh = nie znaleziony offset
491   8804              ;	, w przeciwnym razie index znalezionego objektu na liscie ( od 0 )
492   8804              ;		HL - msb offsetu na liscie offsetow
493   8804              ; USED:	A, C, HL
494   8804              ;------------------------------------------------------------------
495   8804              check_offset16:
496   8804 48           		ld	c,b		; save licznik objektow
497   8805 7B           		ld	a,e
498   8806              _cell
499   8806 BE           		cp	(hl)
500   8807 23           		inc	hl
501   8808 20 07        		jr	nz,_msb
502   880A 7A           		ld	a,d
503   880B BE           		cp	(hl)
504   880C 20 02        		jr	nz,_lsb
505   880E 18 07        		jr	_finded
506   8810              _lsb
507   8810 7B           		ld	a,e
508   8811              _msb
509   8811 23           		inc	hl
510   8812 10 F2        		djnz	_cell
511   8814 3E FF        		ld	a,0FFh
512   8816 C9           		ret
513   8817              _finded
514   8817 79           		ld	a,c		; restore
515   8818 90           		sub	b		; index znalezionego objektu ( od 0 )
516   8819 C9           		ret
517   881A              ;------------------------------------------------------
518   881A              ; Wbija biezace statystyki hero do stringow stat_info
519   881A              ; USED: wszystko
520   881A              ;------------------------------------------------------
521   881A              update_info_strings:
522   881A 21 A9 93     		ld	hl,stat_info + 4
523   881D 11 96 93     		ld	de,hero.stat.hp
524   8820 06 03        		ld	b,3
525   8822              _nxt_stat
526   8822 C5           		push	bc
527   8823 1A           		ld	a,(de)
528   8824 CD 33 93     		call	h2asci
529   8827 71           		ld	(hl),c
530   8828 23           		inc	hl
531   8829 70           		ld	(hl),b
532   882A 13           		inc	de
533   882B 06 00        		ld	b,0
534   882D 0E 06        		ld	c,6
535   882F 09           		add	hl,bc
536   8830 C1           		pop		bc
537   8831 10 EF        		djnz	_nxt_stat
538   8833              		; etykieta broni i zbroi
539   8833 06 02        		ld	b,LABELS_NUMBER
540   8835 3A 99 93     		ld	a,(hero.bag.weapon)
541   8838 EB           		ex	de,hl				; w DE miejsce w stringu
542   8839 21 CA 93     		ld	hl,weapon_names
543   883C
544   883C              _modify_string
545   883C
546   883C C5           		push	bc
547   883D
548   883D 47           		ld	b,a
549   883E 87           		add	a,a
550   883F 80           		add	a,b							; x3
551   8840 06 00        		ld	b,0
552   8842 4F           		ld	c,a
553   8843 09           		add	hl,bc
554   8844 01 03 00     		ld	bc,3						; ( x3 litery )
555   8847 ED B0        		ldir
556   8849
557   8849 3A 9A 93     		ld	a,(hero.bag.armour)
558   884C 21 05 00     		ld	hl,5
559   884F 19           		add	hl,de
560   8850 EB           		ex	de,hl
561   8851 21 FD 93     		ld	hl,armour_names
562   8854
563   8854 C1           		pop		bc
564   8855
565   8855 10 E5        		djnz	_modify_string
566   8857
567   8857 C9           		ret
568   8858              ;------------------------------------------------------
569   8858              ; Drukuje statystyki
570   8858              ;------------------------------------------------------
571   8858              print_info:
572   8858 01 A5 93     		ld	bc,stat_info
573   885B 11 37 40     		ld	de,STS_ADR
574   885E 26 03        		ld	h,3				;  ilosc etykiet statystyk
575   8860 CD 6B 88     		call	_p_info
576   8863
577   8863 01 BA 93     		ld	bc,__1st
578   8866 11 37 49     		ld	de,ITM_ADR
579   8869 26 02        		ld	h,2				;  ilosc etykiet przedmiotow
580   886B              _p_info
581   886B E5           		push	hl
582   886C D5           		push	de
583   886D
584   886D CD 51 89     		call	pstring_global
585   8870
586   8870 03           		inc	bc
587   8871 D1           		pop		de
588   8872 21 20 00     		ld	hl,32
589   8875 19           		add	hl,de
590   8876 EB           		ex	de,hl
591   8877 E1           		pop		hl
592   8878 25           		dec	h
593   8879 20 F0        		jr	nz,_p_info
594   887B C9           		ret
595   887C
596   887C              abbys:
597   887C              		PRINT_STR	MSG_LINE1,msg_pit
597   887C 11 20 48    >		ld	de,MSG_LINE1
597   887F 01 6E 95    >		ld	bc,msg_pit
597   8882 CD 4C 89    >		call	pstring
598   8885              		PRINT_STR	MSG_LINE2,msg_restart
598   8885 11 40 48    >		ld	de,MSG_LINE2
598   8888 01 80 95    >		ld	bc,msg_restart
598   888B CD 4C 89    >		call	pstring
599   888E              	;	ld	a,2
600   888E              	;	ld	(hero.mapY),a
601   888E              	;	ld	a,2
602   888E              	;	ld	(hero.mapX),a
603   888E
604   888E C3 25 85     		jp	_restart
605   8891
606   8891              ;---------------------------------------------
607   8891              ; Teleport
608   8891              ;---------------------------------------------
609   8891              teleport:
610   8891              		CLEAR_LINES SCREEN_TOP, 192
610   8891 11 00 00    >		ld	de,0000h
610   8894 21 00 00    >		ld	hl,0000h
610   8897 39          >		add	hl,sp			; save SP
610   8898 31 00 58    >		ld	sp,SCREEN_TOP	; czysci od gory
610   889B 06 C0       >		ld	b,192		; 192 = 6144 / ( 16 x 2 )
610   889D             >.clear_block:
610   889D             >	REPT	16				; zeruje 32 bajty na obrot
610   889D D5          >		push	de
610   889E D5          >		push	de
610   889F D5          >		push	de
610   88A0 D5          >		push	de
610   88A1 D5          >		push	de
610   88A2 D5          >		push	de
610   88A3 D5          >		push	de
610   88A4 D5          >		push	de
610   88A5 D5          >		push	de
610   88A6 D5          >		push	de
610   88A7 D5          >		push	de
610   88A8 D5          >		push	de
610   88A9 D5          >		push	de
610   88AA D5          >		push	de
610   88AB D5          >		push	de
610   88AC D5          >		push	de
610   88AD             >	ENDR
610   88AD 10 EE       >		djnz	.clear_block
610   88AF F9          >		ld	sp,hl			; restore SP
611   88B0              		PRINT_STR	MSG_LINE1 + 4, msg_teleport
611   88B0 11 24 48    >		ld	de,MSG_LINE1 + 4
611   88B3 01 45 95    >		ld	bc,msg_teleport
611   88B6 CD 4C 89    >		call	pstring
612   88B9
613   88B9              ;------------------------
614   88B9              ; Wyjscie
615   88B9              ;------------------------
616   88B9              _halt:
617   88B9 08           		ex		af,af'
618   88BA D9           		exx
619   88BB E1           		pop		hl
620   88BC D1           		pop		de
621   88BD C1           		pop		bc
622   88BE F1           		pop		af
623   88BF D9           		exx
624   88C0 08           		ex		af,af'
625   88C1
626   88C1 FB           		ei
627   88C2 C9           		ret
628   88C3
629   88C3              ;--------------------------
630   88C3
631   88C3              		include screen.asm
# file opened: screen.asm
  1+  88C3              ; ==================================================================
  2+  88C3              ; === Przyjmuje y,x ekranu, a zwraca adres w pamieci ekranu ========
  3+  88C3              ; IN:
  4+  88C3              ;	BC - Y,X
  5+  88C3              ; OUT:
  6+  88C3              ;	DE - adres pozycji na ekranie
  7+  88C3              ; USED:	A
  8+  88C3              ; ==================================================================
  9+  88C3              gotoyx:
 10+  88C3 78           		ld	a,b
 11+  88C4 E6 18        		and	%00011000		; bity 3-4 Y-ka
 12+  88C6 F6 40        		or	high SCREEN
 13+  88C8 57           		ld	d,a
 14+  88C9
 15+  88C9 78           		ld	a,b
 16+  88CA E6 07        		and	%00000111		; bity 0-2 Y-ka
 17+  88CC 0F           		rrca				; * 32
 18+  88CD 0F           		rrca				; ( gorna tercja ekranu )
 19+  88CE 0F           		rrca
 20+  88CF 81           		add	a,c
 21+  88D0 5F           		ld	e,a
 22+  88D1 C9           		ret
 23+  88D2
 24+  88D2              ; ===================================================
 25+  88D2              ; =======       Drukuje znak na ekranie      ========
 26+  88D2              ; IN: 	DE - adres gdzie ma pojawic sie znak
 27+  88D2              ;	A - ASCII char do wyswietlenia
 28+  88D2              ; USED:	A, DE, HL
 29+  88D2              ; ===================================================
 30+  88D2              pchar:
 31+  88D2 D6 20        		sub	20h			; start od spacji, a
 32+  88D4 87           		add	a,a			; x2
 33+  88D5 26 00        		ld	h,0
 34+  88D7 6F           		ld	l,a
 35+  88D8 29           		add	hl,hl
 36+  88D9 29           		add	hl,hl			; x8
 37+  88DA 3E 3D        		ld	a,high FONTS
 38+  88DC 84           		add	a,h
 39+  88DD 67           		ld	h,a
 40+  88DE              	REPT	8
 41+  88DE 7E          >		ld	a,(hl)
 42+  88DF 12          >		ld	(de),a
 43+  88E0 23          >		inc	hl
 44+  88E1 14          >		inc	d
 41+  88E2 7E          >		ld	a,(hl)
 42+  88E3 12          >		ld	(de),a
 43+  88E4 23          >		inc	hl
 44+  88E5 14          >		inc	d
 41+  88E6 7E          >		ld	a,(hl)
 42+  88E7 12          >		ld	(de),a
 43+  88E8 23          >		inc	hl
 44+  88E9 14          >		inc	d
 41+  88EA 7E          >		ld	a,(hl)
 42+  88EB 12          >		ld	(de),a
 43+  88EC 23          >		inc	hl
 44+  88ED 14          >		inc	d
 41+  88EE 7E          >		ld	a,(hl)
 42+  88EF 12          >		ld	(de),a
 43+  88F0 23          >		inc	hl
 44+  88F1 14          >		inc	d
 41+  88F2 7E          >		ld	a,(hl)
 42+  88F3 12          >		ld	(de),a
 43+  88F4 23          >		inc	hl
 44+  88F5 14          >		inc	d
 41+  88F6 7E          >		ld	a,(hl)
 42+  88F7 12          >		ld	(de),a
 43+  88F8 23          >		inc	hl
 44+  88F9 14          >		inc	d
 41+  88FA 7E          >		ld	a,(hl)
 42+  88FB 12          >		ld	(de),a
 43+  88FC 23          >		inc	hl
 44+  88FD 14          >		inc	d
 45+  88FE              	ENDR
 46+  88FE C9           		ret
 47+  88FF
 48+  88FF              ; ==================================================================
 49+  88FF              ; IN:	DE - adres gdzie ma pojawic sie tile
 50+  88FF              ;		BC - adres pierwszego tile do wyswietlenia
 51+  88FF              ; ==================================================================
 52+  88FF              print_tile_line:
 53+  88FF              ;		-- atrybut do bufora ATR_BUF --
 54+  88FF 7A           		ld	a,d
 55+  8900 0F           		rrca
 56+  8901 0F           		rrca
 57+  8902 0F           		rrca
 58+  8903 E6 03        		and	%00000011
 59+  8905 F6 60        		or	high ATR_BUF
 60+  8907 67           		ld	h,a
 61+  8908 6B           		ld	l,e
 62+  8909 E5           		push	hl
 63+  890A DD E1        		pop		ix			; adres poczatku lini atrybutu
 64+  890C              ;		----------------------------------
 65+  890C              _next_char_in_line
 66+  890C 0A           		ld	a,(bc)
 67+  890D FE FF        		cp	TILE_EOL
 68+  890F CA 4B 89     		jp	z,ptile_out
 69+  8912
 70+  8912 08           		ex	af,af'
 71+  8913 DD 77 00     		ld	(ix),a
 72+  8916 08           		ex	af,af'
 73+  8917
 74+  8917              		MUL_Ax8_TO_HL
 74+  8917 26 00       >		ld	h,0
 74+  8919 6F          >		ld	l,a
 74+  891A 29          >		add	hl,hl
 74+  891B 29          >		add	hl,hl
 74+  891C 29          >		add	hl,hl
 75+  891D 3E 80        		ld	a,high TILES
 76+  891F 84           		add	a,h
 77+  8920 67           		ld	h,a
 78+  8921
 79+  8921              ;	ld	a,(main_counter)
 80+  8921              ;	cp	10
 81+  8921              ;	jr	z,_or_it
 82+  8921              ;	cp	12
 83+  8921              ;	jr	z,_or_it
 84+  8921
 85+  8921              	REPT	8
 86+  8921 7E          >		ld	a,(hl)
 87+  8922 12          >		ld	(de),a
 88+  8923 23          >		inc	hl
 89+  8924 14          >		inc	d
 86+  8925 7E          >		ld	a,(hl)
 87+  8926 12          >		ld	(de),a
 88+  8927 23          >		inc	hl
 89+  8928 14          >		inc	d
 86+  8929 7E          >		ld	a,(hl)
 87+  892A 12          >		ld	(de),a
 88+  892B 23          >		inc	hl
 89+  892C 14          >		inc	d
 86+  892D 7E          >		ld	a,(hl)
 87+  892E 12          >		ld	(de),a
 88+  892F 23          >		inc	hl
 89+  8930 14          >		inc	d
 86+  8931 7E          >		ld	a,(hl)
 87+  8932 12          >		ld	(de),a
 88+  8933 23          >		inc	hl
 89+  8934 14          >		inc	d
 86+  8935 7E          >		ld	a,(hl)
 87+  8936 12          >		ld	(de),a
 88+  8937 23          >		inc	hl
 89+  8938 14          >		inc	d
 86+  8939 7E          >		ld	a,(hl)
 87+  893A 12          >		ld	(de),a
 88+  893B 23          >		inc	hl
 89+  893C 14          >		inc	d
 86+  893D 7E          >		ld	a,(hl)
 87+  893E 12          >		ld	(de),a
 88+  893F 23          >		inc	hl
 89+  8940 14          >		inc	d
 90+  8941              	ENDR
 91+  8941              ;	jr	_reset_and_inc
 92+  8941
 93+  8941              ;_or_it
 94+  8941              ;		REPT	8
 95+  8941              ;			ld	a,(de)
 96+  8941              ;			or	(hl)
 97+  8941              ;			ld	(de),a
 98+  8941              ;			inc	hl
 99+  8941              ;			inc	d
100+  8941              ;		ENDR
101+  8941              ;_reset_and_inc
102+  8941 7A           		ld	a,d
103+  8942 D6 08        		sub	8
104+  8944 57           		ld	d,a
105+  8945
106+  8945 13           		inc	de
107+  8946 03           		inc	bc
108+  8947 DD 23        		inc	ix
109+  8949 18 C1        		jr	_next_char_in_line
110+  894B              ptile_out:
111+  894B C9           		ret
112+  894C
113+  894C              ; ==================================================================
114+  894C              ; IN:	DE - adres gdzie ma pojawic sie string
115+  894C              ;		BC - adres stringa do wyswietlenia
116+  894C              ; ==================================================================
117+  894C              pstring:
118+  894C 3E 01        		ld	a,1
119+  894E 32 91 94     		ld	(message_flag),a		; trzeba bedzie wyczyscic powiadomienia
120+  8951              pstring_global:
121+  8951 0A           		ld	a,(bc)
122+  8952 FE 24        		cp	STRING_DELIM
123+  8954 CA 60 89     		jp	z,pstring_out
124+  8957 D5           		push	de
125+  8958 CD D2 88     		call	pchar
126+  895B D1           		pop	de
127+  895C 13           		inc	de
128+  895D 03           		inc	bc
129+  895E 18 EC        		jr	pstring
130+  8960              pstring_out:
131+  8960 C9           		ret
132+  8961
133+  8961              ; ==================================================================
134+  8961              ;	Zeruje 9-cio kolumnowe linie do wyczyszczenia
135+  8961              ;	IN:	HL	-  adres pierwszej lini do czyszczenia
136+  8961              ;	B	_	liczba lini do wyczyszczenia
137+  8961              ; ==================================================================
138+  8961              clear_txtlines:
139+  8961 54           		ld	d,h
140+  8962 5D           		ld	e,l			; SAVE HL
141+  8963              _txtline_down:
142+  8963 AF           		xor	a
143+  8964 0E 08        		ld	c,8
144+  8966              _line_down:
145+  8966              	REPT	FOV_WIDTH
146+  8966 77          >		ld	(hl),a
147+  8967 2C          >		inc	l
146+  8968 77          >		ld	(hl),a
147+  8969 2C          >		inc	l
146+  896A 77          >		ld	(hl),a
147+  896B 2C          >		inc	l
146+  896C 77          >		ld	(hl),a
147+  896D 2C          >		inc	l
146+  896E 77          >		ld	(hl),a
147+  896F 2C          >		inc	l
146+  8970 77          >		ld	(hl),a
147+  8971 2C          >		inc	l
146+  8972 77          >		ld	(hl),a
147+  8973 2C          >		inc	l
146+  8974 77          >		ld	(hl),a
147+  8975 2C          >		inc	l
146+  8976 77          >		ld	(hl),a
147+  8977 2C          >		inc	l
148+  8978              	ENDR
149+  8978 6B           		ld	l,e			; RESTORE L
150+  8979 24           		inc	h
151+  897A 0D           		dec	c
152+  897B C2 66 89     	jp	nz,_line_down
153+  897E 62           		ld	h,d			; RESTORE H
154+  897F 7D           		ld	a,l
155+  8980 C6 20        		add	a,SCREEN_WIDTH
156+  8982 6F           		ld	l,a
157+  8983 5D           		ld	e,l
158+  8984 30 05        		jr	nc,_same_third
159+  8986 7C           		ld	a,h
160+  8987 C6 08        		add	a,$08
161+  8989 67           		ld	h,a
162+  898A 54           		ld	d,h
163+  898B              _same_third:
164+  898B 05           		dec	b
165+  898C C2 63 89     		jp	nz,_txtline_down
166+  898F C9           		ret
167+  8990
168+  8990              ; ==================================================================
169+  8990              ;	Ustawia miganie char'a
170+  8990              ;	IN:	DE - adres char'a w pamieci ekranu
171+  8990              ; ==================================================================
172+  8990              flash_portal:
173+  8990 7A           		ld	a,d					; restore DE
174+  8991 D6 08        		sub	8					;
175+  8993 57           		ld	d,a					; ----------
176+  8994
177+  8994 CD A9 89     		call	scr_to_atr
178+  8997 EB           		ex	de,hl
179+  8998 36 86        		ld	(hl),PORTAL_ATR
180+  899A 22 93 94     		ld	(flash_adr),hl
181+  899D 3A 92 94     		ld	a,(game_flags)
182+  89A0 B7 F6 80     		or	a,%10000000
183+  89A3 32 92 94     		ld	(game_flags),a
184+  89A6 C3 A8 8B     		jp	_printout
185+  89A9
186+  89A9              ; ==================================================================
187+  89A9              ;	Zamienia adres pamieci ekranu na adres atrybutu
188+  89A9              ;	IN:	DE	- adres pamieci ekranu
189+  89A9              ;	OUT:	DE	- adres atrybutu
190+  89A9              ; ==================================================================
191+  89A9              scr_to_atr:
192+  89A9 7A           		ld	a,d
193+  89AA 0F           		rrca
194+  89AB 0F           		rrca
195+  89AC 0F           		rrca
196+  89AD E6 03        		and	%00000011
197+  89AF F6 58        		or	high SCREEN_ATR
198+  89B1 57           		ld	d,a
199+  89B2 C9           		ret
200+  89B3
201+  89B3              ; ==================================================================
202+  89B3              ;	Ustawia atrybuty dla lini na ekranie
203+  89B3              ;	IN:	A - atrybut
204+  89B3              ;		C - liczba kolumn
205+  89B3              ;		DE - YX
206+  89B3              ; ==================================================================
207+  89B3              set_atr_line
208+  89B3
209+  89B3 08           		ex	af,af'
210+  89B4
211+  89B4 7A           		ld	a,d					; Y
212+  89B5 CB 2F        		sra	a
213+  89B7 CB 2F        		sra	a
214+  89B9 CB 2F        		sra	a
215+  89BB C6 58        		add	a,high SCREEN_ATR
216+  89BD 67           		ld	h,a
217+  89BE 7A           		ld	a,d
218+  89BF E6 07        		and	%00000111
219+  89C1 0F           		rrca
220+  89C2 0F           		rrca
221+  89C3 0F           		rrca
222+  89C4 83           		add	a,e					; + X
223+  89C5 6F           		ld	l,a
224+  89C6 41           		ld	b,c
225+  89C7
226+  89C7 08           		ex	af,af'
227+  89C8
228+  89C8              _nxt_col:
229+  89C8 77           		ld	(hl),a
230+  89C9 2C           		inc	l
231+  89CA 10 FC        	djnz	_nxt_col
232+  89CC C9           		ret
233+  89CD
234+  89CD              ; ==================================================================
235+  89CD              ;	Ustawia atrybuty dla bloku ( czworokata ) na ekranie
236+  89CD              ;	IN:	A - atrybut
237+  89CD              ;		B - liczba lini
238+  89CD              ;		C - liczba kolumn
239+  89CD              ;		DE - YX
240+  89CD              ; ==================================================================
241+  89CD              set_atr_block:
242+  89CD
243+  89CD C5           		push	bc
244+  89CE
245+  89CE CD B3 89     		call set_atr_line
246+  89D1 14           		inc	d
247+  89D2
248+  89D2 C1           		pop		bc
249+  89D3
250+  89D3 10 F8        	djnz	set_atr_block
251+  89D5 C9           		ret
252+  89D6
253+  89D6              ; ---------------------------------------------------------------
254+  89D6              ; Jesli bylo powiadomienie w poprzednim ruchu - trzeba wyczyscic
255+  89D6              ; ---------------------------------------------------------------
256+  89D6              message_area_clear:
257+  89D6 3A 91 94     		ld	a,(message_flag)
258+  89D9 B7           		or	a
259+  89DA C8           		ret	z
260+  89DB
261+  89DB 21 20 48     		ld	hl,MSG_ADR				; blok lewy
262+  89DE 06 02        		ld	b,2
263+  89E0 CD 61 89     		call	clear_txtlines
264+  89E3
265+  89E3 21 28 48     		ld	hl,MSG_ADR + 8			; prawy
266+  89E6 06 02        		ld	b,2
267+  89E8 CD 61 89     		call	clear_txtlines
268+  89EB
269+  89EB AF           		xor	a
270+  89EC 32 91 94     		ld	(message_flag),a
271+  89EF C9           		ret
272+  89F0
273+  89F0              ; ==========================================
274+  89F0              ; Kopiuje atrybuty ekranu z bufora
275+  89F0              ; !!! do optymalizacji
276+  89F0              ; ==========================================
277+  89F0              atr_buff_to_atr:
278+  89F0 21 24 60     		ld	hl,W3D_ATR_BUF
279+  89F3 11 24 58     		ld	de,W3D_ATR_ADR
280+  89F6              	REPT	6
281+  89F6 3E 17       >		ld	a,23
282+  89F8 01 09 00    >		ld	bc,9
283+  89FB ED B0       >		ldir
284+  89FD 85          >		add	a,l
285+  89FE 6F          >		ld	l,a
286+  89FF 5F          >		ld	e,a
281+  8A00 3E 17       >		ld	a,23
282+  8A02 01 09 00    >		ld	bc,9
283+  8A05 ED B0       >		ldir
284+  8A07 85          >		add	a,l
285+  8A08 6F          >		ld	l,a
286+  8A09 5F          >		ld	e,a
281+  8A0A 3E 17       >		ld	a,23
282+  8A0C 01 09 00    >		ld	bc,9
283+  8A0F ED B0       >		ldir
284+  8A11 85          >		add	a,l
285+  8A12 6F          >		ld	l,a
286+  8A13 5F          >		ld	e,a
281+  8A14 3E 17       >		ld	a,23
282+  8A16 01 09 00    >		ld	bc,9
283+  8A19 ED B0       >		ldir
284+  8A1B 85          >		add	a,l
285+  8A1C 6F          >		ld	l,a
286+  8A1D 5F          >		ld	e,a
281+  8A1E 3E 17       >		ld	a,23
282+  8A20 01 09 00    >		ld	bc,9
283+  8A23 ED B0       >		ldir
284+  8A25 85          >		add	a,l
285+  8A26 6F          >		ld	l,a
286+  8A27 5F          >		ld	e,a
281+  8A28 3E 17       >		ld	a,23
282+  8A2A 01 09 00    >		ld	bc,9
283+  8A2D ED B0       >		ldir
284+  8A2F 85          >		add	a,l
285+  8A30 6F          >		ld	l,a
286+  8A31 5F          >		ld	e,a
287+  8A32              	ENDR
288+  8A32 C9           		ret
289+  8A33              ; ==========================================
290+  8A33              ; Druguje ramke okna
291+  8A33              ; IN:	BC - Y, X lewego gornego rogu ramki
292+  8A33              ; ==========================================
293+  8A33              print_frames:
294+  8A33 21 50 8A     		ld	hl,fov_frame_indexes			; iterator
295+  8A36 06 22        			ld	b,FFH * 2 + F3H * 2	; licznik
296+  8A38              _line_dwn:
297+  8A38
298+  8A38 C5           		push	bc
299+  8A39
300+  8A39 46           		ld	b,(hl)
301+  8A3A 23           		inc	hl
302+  8A3B 4E           		ld	c,(hl)
303+  8A3C CD C3 88     		call	gotoyx
304+  8A3F              		; adres w DE
305+  8A3F 23           		inc	hl
306+  8A40 44           		ld	b,h
307+  8A41 4D           		ld	c,l
308+  8A42
309+  8A42 08           		ex	af,af'
310+  8A43 3E 04        		ld	a,BLACK_BGD OR GREEN
311+  8A45 08           		ex	af,af'
312+  8A46
313+  8A46 CD FF 88     		call	print_tile_line
314+  8A49              		; BC - iterator na $FF (eol)
315+  8A49 60           		ld	h,b
316+  8A4A 69           		ld	l,c
317+  8A4B 23           		inc	hl
318+  8A4C
319+  8A4C C1           		pop		bc
320+  8A4D
321+  8A4D 10 E9        		djnz	_line_dwn
322+  8A4F C9           		ret
323+  8A50
324+  8A50              ; ========================================================================
325+  8A50              fov_frame_indexes:
326+  8A50 0C 03 4C 4D  	db	FFY, FFX, 76, 77, 78, 79, 80, 76, 77, 78, 79, 80, 76, $FF
326+  8A54 4E 4F 50 4C
326+  8A58 4D 4E 4F 50
326+  8A5C 4C FF
327+  8A5E 0D 03 51 FF  	db	FFY+1, FFX, 81, $FF, FFY+1, FFX+FFW, 81, $FF
327+  8A62 0D 0D 51 FF
328+  8A66 0E 03 52 FF  	db	FFY+2, FFX, 82, $FF, FFY+2, FFX+FFW, 82, $FF
328+  8A6A 0E 0D 52 FF
329+  8A6E 0F 03 53 FF  	db	FFY+3, FFX, 83, $FF, FFY+3, FFX+FFW, 83, $FF
329+  8A72 0F 0D 53 FF
330+  8A76 10 03 54 FF  	db	FFY+4, FFX, 84, $FF, FFY+4, FFX+FFW, 84, $FF
330+  8A7A 10 0D 54 FF
331+  8A7E 11 03 4C FF  	db	FFY+5, FFX, 76, $FF, FFY+5, FFX+FFW, 76, $FF
331+  8A82 11 0D 4C FF
332+  8A86 12 03 51 FF  	db	FFY+6, FFX, 81, $FF, FFY+6, FFX+FFW, 81, $FF
332+  8A8A 12 0D 51 FF
333+  8A8E 13 03 52 FF  	db	FFY+7, FFX, 82, $FF, FFY+7, FFX+FFW, 82, $FF
333+  8A92 13 0D 52 FF
334+  8A96 14 03 53 FF  	db	FFY+8, FFX, 83, $FF, FFY+8, FFX+FFW, 83, $FF
334+  8A9A 14 0D 53 FF
335+  8A9E 15 03 54 FF  	db	FFY+9, FFX, 84, $FF, FFY+9, FFX+FFW, 84, $FF
335+  8AA2 15 0D 54 FF
336+  8AA6 16 03 4C 4D  	db	FFY+10, FFX, 76, 77, 78, 79, 80, 76, 77, 78, 79, 80, 76, $FF
336+  8AAA 4E 4F 50 4C
336+  8AAE 4D 4E 4F 50
336+  8AB2 4C FF
337+  8AB4
338+  8AB4 00 03 4C 4D  	db	F3Y, F3X, 76, 77, 78, 79, 80, 76, 77, 78, 79, 80, 76, $FF
338+  8AB8 4E 4F 50 4C
338+  8ABC 4D 4E 4F 50
338+  8AC0 4C FF
339+  8AC2 01 03 51 FF  	db	F3Y+1, F3X, 81, $FF, F3Y+1, F3X+F3W, 81, $FF
339+  8AC6 01 0D 51 FF
340+  8ACA 02 03 52 FF  	db	F3Y+2, F3X, 82, $FF, F3Y+2, F3X+F3W, 82, $FF
340+  8ACE 02 0D 52 FF
341+  8AD2 03 03 53 FF  	db	F3Y+3, F3X, 83, $FF, F3Y+3, F3X+F3W, 83, $FF
341+  8AD6 03 0D 53 FF
342+  8ADA 04 03 51 FF  	db	F3Y+4, F3X, 81, $FF, F3Y+4, F3X+F3W, 81, $FF
342+  8ADE 04 0D 51 FF
343+  8AE2 05 03 52 FF  	db	F3Y+5, F3X, 82, $FF, F3Y+5, F3X+F3W, 82, $FF
343+  8AE6 05 0D 52 FF
344+  8AEA 06 03 53 FF  	db	F3Y+6, F3X, 83, $FF, F3Y+6, F3X+F3W, 83, $FF
344+  8AEE 06 0D 53 FF
345+  8AF2 07 03 4C 4D  	db	F3Y+7, F3X, 76, 77, 78, 79, 80, 76, 77, 78, 79, 80, 76, $FF
345+  8AF6 4E 4F 50 4C
345+  8AFA 4D 4E 4F 50
345+  8AFE 4C FF
346+  8B00
# file closed: screen.asm
632   8B00              		include	fov.asm
# file opened: fov.asm
  1+  8B00              ;=============
  2+  8B00              field_of_view:
  3+  8B00              ;=============
  4+  8B00              	; fov_coords - offsety tiles na ekranie ( zawsze stale )
  5+  8B00              	; fov_offsets - offsety tiles na mapie ( zaleza od szerokosci mapy )
  6+  8B00              	; Ustawienie wskaznika fov_coords w zaleznosci kierunku patrzenia.
  7+  8B00 21 A1 8D     		ld	hl,fov_shift
  8+  8B03 3A 93 93     		ld	a,(hero.direction)
  9+  8B06 16 00        		ld	d,0
 10+  8B08 5F           		ld	e,a
 11+  8B09 19           		add	hl,de
 12+  8B0A 5E           		ld	e,(hl)			; przesuniecie do dodania
 13+  8B0B 21 11 8D     		ld	hl,fov_coords
 14+  8B0E 19           		add	hl,de
 15+  8B0F E5           		push	hl			; SAVE coords_pointer
 16+  8B10
 17+  8B10
 18+  8B10              	; Ustawienie wkaznika dla offsetow tiles
 19+  8B10              	; koordynaty oraz offsety sa 2 bajtowe, wiec offset w DE jest ten sam
 20+  8B10 21 81 8C     		ld	hl,fov_offsets
 21+  8B13 19           		add	hl,de			; wskaznik na offset tile
 22+  8B14 E5           		push	hl			; SAVE offset_pointer
 23+  8B15
 24+  8B15              	; Wszystkie obiekty w polu widzenia sa dodawane do tej listy
 25+  8B15              	; 3 Bajty dla obiektu: y, x, ASCII char obiektu
 26+  8B15 DD 21 12 8C  		ld	ix,fov_list
 27+  8B19
 28+  8B19              	; Dodanie offsetow YX Tiles (wzgl. Hero ) do YX Hero
 29+  8B19 06 12        		ld	b,18			; 18 przebiegow petli
 30+  8B1B 0E 11        		ld	c,HERO_Y
 31+  8B1D
 32+  8B1D D9           		exx
 33+  8B1E C1           		pop		bc			; RESTORE offset_pointer
 34+  8B1F D9           		exx
 35+  8B20
 36+  8B20 E1           		pop		hl			; RESTORE coords_pointer
 37+  8B21
 38+  8B21              setdataloop:
 39+  8B21              			; Y
 40+  8B21 5E           		ld	e,(hl)			; offset Y tile
 41+  8B22 79           		ld	a,c				; HERO_Y
 42+  8B23 83           		add	a,e
 43+  8B24 DD 77 00     		ld	(ix),a			; do Y tile i zapis do fov_list
 44+  8B27 23           		inc	hl
 45+  8B28
 46+  8B28              			; X
 47+  8B28 56           		ld	d,(hl)			; offset X tile
 48+  8B29 3E 08        		ld	a,HERO_X
 49+  8B2B 82           		add	a,d
 50+  8B2C DD 77 01     		ld	(ix+1),a		; do X tile i zapis do fov_list
 51+  8B2F
 52+  8B2F              			; char
 53+  8B2F D9           		exx
 54+  8B30
 55+  8B30 0A           		ld	a,(bc)
 56+  8B31 5F           		ld	e,a
 57+  8B32 03           		inc	bc
 58+  8B33 0A           		ld	a,(bc)
 59+  8B34 57           		ld	d,a
 60+  8B35 2A 94 93     		ld	hl,(hero.offset)
 61+  8B38 19           		add	hl,de			; dodanie przesuniecia Hero
 62+  8B39 EB           		ex	de,hl			; save sumy przesuniec
 63+  8B3A 21 92 95     		ld	hl,MAP
 64+  8B3D 19           		add	hl,de			; i odczytanie z mapy char
 65+  8B3E 7E           		ld	a,(hl)			; Tile i zapisanie tego
 66+  8B3F DD 77 02     		ld	(ix+2),a		; char (Tile) na liscie fov
 67+  8B42
 68+  8B42 D9           		exx
 69+  8B43
 70+  8B43              	; Przesuwa wskazniki koordynatow, wskaznika offsetu wzgl.Hero
 71+  8B43              	; i wskaznika listy FOV
 72+  8B43 23           		inc	hl
 73+  8B44
 74+  8B44 D9           		exx
 75+  8B45 03           		inc	bc
 76+  8B46 D9           		exx
 77+  8B47
 78+  8B47 11 03 00     		ld	de,3
 79+  8B4A DD 19        		add	ix,de
 80+  8B4C 10 D3        		djnz	setdataloop
 81+  8B4E
 82+  8B4E
 83+  8B4E              	; ----------------------------------------------------
 84+  8B4E              	; - Petla wyswietlajaca FOV i zapisujaca do prev_fov -
 85+  8B4E              	; ----------------------------------------------------
 86+  8B4E 06 12        		ld	b,18				; ilosc mozliwych pol widzenia
 87+  8B50              printloop:
 88+  8B50 C5           		push	bc
 89+  8B51
 90+  8B51 21 D8 8B     		ld	hl,count_order		; podmiana licznika na liczacy
 91+  8B54 58           		ld	e,b					; z dwoch stron fov do srodka
 92+  8B55 16 00        		ld	d,0
 93+  8B57 19           		add	hl,de				; w hl adres nowego licznika
 94+  8B58
 95+  8B58 7E           		ld	a,(hl)
 96+  8B59 32 D7 8B     		ld	(main_counter),a
 97+  8B5C FE 06        		cp	6					; Tylko dla Tile od 18 do 6
 98+  8B5E D2 AC 8B     		jp	nc,is_visible		; Reszta zawsze widoczna.
 99+  8B61              _vsbl:
100+  8B61              		; Ustawienie kursora
101+  8B61 21 48 8C     		ld	hl,fov_list_end
102+  8B64 3A D7 8B     		ld	a,(main_counter)
103+  8B67 47           		ld	b,a
104+  8B68 87           		add	a,a
105+  8B69 80           		add	a,b					; licznik x 3
106+  8B6A 5F           		ld	e,a
107+  8B6B A7           		and	a					; carry  0
108+  8B6C ED 52        		sbc	hl,de				; Adres ( Y, X, char )
109+  8B6E 46           		ld	b,(hl)				; Y
110+  8B6F 23           		inc	hl
111+  8B70 4E           		ld	c,(hl)				; X
112+  8B71 23           		inc	hl
113+  8B72
114+  8B72              		; Tile na ekran
115+  8B72 CD C3 88     		call	gotoyx
116+  8B75
117+  8B75 7E           		ld	a,(hl)				; Tile char
118+  8B76 47           		ld	b,a					; Save Tile char
119+  8B77 CD D2 88     		call	pchar
120+  8B7A
121+  8B7A 78           		ld	a,b					; Restore Tile.char
122+  8B7B
123+  8B7B              		; ustawia miganie tam gdzie ma byc
124+  8B7B FE 50        		cp	PORTAL_CHAR
125+  8B7D CA 90 89     		jp	z,flash_portal
126+  8B80
127+  8B80              _print3d
128+  8B80 FE 23        		cp	WALL_CHAR
129+  8B82 CA A6 8D     		jp	z,printwall_3d		; Sprite na ekran
130+  8B85
131+  8B85 FE 2B        		cp	C_DOOR_CHAR
132+  8B87 CA AD 8D     		jp	z,print_c_door_3d
133+  8B8A
134+  8B8A FE 2F        		cp	O_DOOR_CHAR
135+  8B8C CA B4 8D     		jp	z,print_o_door_3d
136+  8B8F
137+  8B8F FE 7E        		cp	KEY_CHAR
138+  8B91 CA BB 8D     		jp	z,print_key_3d
139+  8B94
140+  8B94 FE 28        		cp	WEAPON_CHAR
141+  8B96 CA D1 8D     		jp	z,print_weapon_3d
142+  8B99
143+  8B99 FE 5B        		cp	ARMOUR_CHAR
144+  8B9B CA E7 8D     		jp	z,print_armour_3d
145+  8B9E
146+  8B9E FE 42        		cp	BAT_CHAR
147+  8BA0 CA FD 8D     		jp	z,print_bat_3d
148+  8BA3
149+  8BA3 FE 26        		cp	FIGURE_CHAR
150+  8BA5 CA 13 8E     		jp	z,print_figure_3d
151+  8BA8              _printout:
152+  8BA8 C1           		pop	bc
153+  8BA9 10 A5        		djnz	printloop
154+  8BAB C9           		ret
155+  8BAC
156+  8BAC              ;-----------------------------------
157+  8BAC              ; Sprawdza czy Tile jest widoczny
158+  8BAC              ; ( w A jest licznik petli funkji wywolujacej )
159+  8BAC              ;-----------------------------------
160+  8BAC              is_visible:
161+  8BAC 06 03        		ld	b,3				; 3 przebiegi petli
162+  8BAE D6 06        		sub	6				; brak zaslon dla pierwszych 5
163+  8BB0 4F           		ld	c,a				; save i
164+  8BB1 87           		add	a,a				; i x 2
165+  8BB2 81           		add	a,c				; i x 3 (3 potencjalne zaslony)
166+  8BB3 21 EB 8B     		ld	hl,list_indexes
167+  8BB6 5F           		ld	e,a				; D wyzerowane  wyzej
168+  8BB7 19           		add	hl,de			; wskaznik na index zaslony
169+  8BB8              _three:
170+  8BB8 7E           		ld	a,(hl)
171+  8BB9 B7           		or	a
172+  8BBA CA 61 8B     		jp	z,_vsbl			; jak 0 - wypad
173+  8BBD
174+  8BBD DD 21 12 8C  		ld	ix,fov_list		; od tego liczymy offsety
175+  8BC1 5F           		ld	e,a				; D wyzerowane  wyzej
176+  8BC2 DD 19        		add	ix,de
177+  8BC4 DD 7E 02     		ld	a,(ix+2)		; Tile.char do sprawdzenia!
178+  8BC7 FE 23        		cp	WALL_CHAR
179+  8BC9 CA A8 8B     		jp	z,_printout
180+  8BCC FE 2B        		cp	'+'
181+  8BCE CA A8 8B     		jp	z,_printout
182+  8BD1 23           		inc	hl
183+  8BD2 10 E4        		djnz	_three
184+  8BD4 C3 61 8B     		jp	_vsbl
185+  8BD7
186+  8BD7 00           main_counter:	db	0
187+  8BD8              ;-------------------------------------------------------
188+  8BD8              ; Sprite musza byc wyswietlane od zewnatrz fov do srodka
189+  8BD8              ; Stad petla jedzie z dwoch stron do srodka. Rzeczywisty
190+  8BD8              ; Licznik ( od 18 do 1 ) jest dodawany do tego adresu
191+  8BD8              ; i zdereferowany.
192+  8BD8              ;-----------------------------------------------------
193+  8BD8 00 01 02     count_order	db 	0,1,2
194+  8BDB 04 03 05     		db	4,3,5
195+  8BDE 07 06 08     		db	7,6,8
196+  8BE1 0B 0A 0C 09  		db	11,10,12,9,13
196+  8BE5 0D
197+  8BE6 10 0F 11 0E  		db	16,15,17,14,18
197+  8BEA 12
198+  8BEB
199+  8BEB              ;-----------------------------------------------------
200+  8BEB              ; Indexy listy fov_list do sprawdzania czy jest tam
201+  8BEB              ; cos, co zaslania ten Tile's
202+  8BEB              ; w celach optymalizacyjnych wstepnie przemnozone *3
203+  8BEB              ;-----------------------------------------------------
204+  8BEB              list_indexes   ; indeksy fov_list  | iteracje petli
205+  8BEB 2A 00 00     		db	14 *3,0,0			;06
206+  8BEE 2A 00 00     		db	14 *3,0,0			;07
207+  8BF1 2A 00 00     		db	14 *3,0,0			;08
208+  8BF4 2D 24 00     		db	15 *3,12 *3,0		;09
209+  8BF7 2A 21 00     		db	14 *3,11 *3,0		;10
210+  8BFA 2A 21 00     		db	14 *3,11 *3,0		;11
211+  8BFD 2A 21 00     		db	14 *3,11 *3,0		;12
212+  8C00 27 1E 00     		db	13 *3,10 *3,0		;13
213+  8C03 2D 24 18     		db	15 *3,12 *3,8 *3	;14
214+  8C06 2A 24 18     		db	14 *3,12 *3,8 *3	;15
215+  8C09 2A 21 15     		db	14 *3,11 *3,7 *3	;16
216+  8C0C 2A 1E 12     		db	14 *3,10 *3,6 *3	;17
217+  8C0F 27 1E 12     		db	13 *3,10 *3,6 *3	;18
218+  8C12
219+  8C12              ;--------------------------------------------------------------------------
220+  8C12              ; Lista obiektow wszystkich obiektow tile potencjalnie widocznych dla Hero
221+  8C12              ;--------------------------------------------------------------------------
222+  8C12 00 00 00...  fov_list		ds	54			; ( Y, X, char ) x 18
223+  8C48              fov_list_end
224+  8C48 00 00 00...  prev_fov_list	ds	55			; jw. + DELIM
225+  8C7F 00 00        iterator		dw	0000h		; iterator list
226+  8C81
227+  8C81              ; -----------------------------------------------------------------
228+  8C81              ; Offset'y tiles wzgledem Hero - wypelniane przez funkcje calc_fov
229+  8C81              ; -----------------------------------------------------------------
230+  8C81              fov_offsets:
231+  8C81 00 00 00...  fov_n:	ds	36 			; North
232+  8CA5 00 00 00...  fov_e:	ds	36			; East
233+  8CC9 00 00 00...  fov_s:	ds	36			; South
234+  8CED 00 00 00...  fov_w:	ds	36			; West
235+  8D11              ; -----------------------------------------------------
236+  8D11              ; Przesuniecia koordynatow tiles wzgledem Hero - stale
237+  8D11              ; -----------------------------------------------------
238+  8D11              fov_coords
239+  8D11 FC FE FC FF  		db	-4,-2,  -4,-1,  -4,0,  -4,1,  -4,2
239+  8D15 FC 00 FC 01
239+  8D19 FC 02
240+  8D1B FD FE FD FF  		db	-3,-2,  -3,-1,  -3,0,  -3,1,  -3,2
240+  8D1F FD 00 FD 01
240+  8D23 FD 02
241+  8D25 FE FF FE 00  		db	        -2,-1,  -2,0,  -2,1
241+  8D29 FE 01
242+  8D2B FF FF FF 00  		db	        -1,-1,  -1,0,  -1,1
242+  8D2F FF 01
243+  8D31 00 FF 00 01  		db	         0,-1,          0,1
244+  8D35
245+  8D35 FE 04 FF 04  		db	-2,4,  -1,4,  0,4,  1,4,  2,4
245+  8D39 00 04 01 04
245+  8D3D 02 04
246+  8D3F FE 03 FF 03  		db	-2,3,  -1,3,  0,3,  1,3,  2,3
246+  8D43 00 03 01 03
246+  8D47 02 03
247+  8D49 FF 02 00 02  		db	       -1,2,  0,2,  1,2
247+  8D4D 01 02
248+  8D4F FF 01 00 01  		db	       -1,1,  0,1,  1,1
248+  8D53 01 01
249+  8D55 FF 00 01 00  		db	       -1,0,        1,0
250+  8D59
251+  8D59
252+  8D59 04 02 04 01  		db	 4,2,  4,1,  4,0,  4,-1,  4,-2
252+  8D5D 04 00 04 FF
252+  8D61 04 FE
253+  8D63 03 02 03 01  		db	 3,2,  3,1,  3,0,  3,-1,  3,-2
253+  8D67 03 00 03 FF
253+  8D6B 03 FE
254+  8D6D 02 01 02 00  		db	       2,1,  2,0,  2,-1
254+  8D71 02 FF
255+  8D73 01 01 01 00  		db	       1,1,  1,0,  1,-1
255+  8D77 01 FF
256+  8D79 00 01 00 FF  		db	       0,1,        0,-1
257+  8D7D
258+  8D7D 02 FC 01 FC  		db	 2,-4,  1,-4,  0,-4,  -1,-4,  -2,-4
258+  8D81 00 FC FF FC
258+  8D85 FE FC
259+  8D87 02 FD 01 FD  		db	 2,-3,  1,-3,  0,-3,  -1,-3,  -2,-3
259+  8D8B 00 FD FF FD
259+  8D8F FE FD
260+  8D91 01 FE 00 FE  		db	        1,-2,  0,-2,  -1,-2
260+  8D95 FF FE
261+  8D97 01 FF 00 FF  		db	        1,-1,  0,-1,  -1,-1
261+  8D9B FF FF
262+  8D9D 01 00 FF 00  		db	        1,0,        -1,0
263+  8DA1              ; Tabela przesuniec w tabeli fov_coord. Przesuniecie zalezy od zwrotu Hero
264+  8DA1 00 24 48 6C  fov_shift	db	0, 36, 72, 108
265+  8DA5
266+  8DA5              ; Pola wskaznikow
267+  8DA5 00           counter		db	00h
268+  8DA6
# file closed: fov.asm
633   8DA6              		include 3d.asm
# file opened: 3d.asm
  1+  8DA6              printwall_3d:
  2+  8DA6 21 F4 8F     		ld	hl,wall_sprites
  3+  8DA9 06 41        		ld	b,W3D_ATR
  4+  8DAB 18 7C        		jr	_common
  5+  8DAD              print_c_door_3d:
  6+  8DAD 21 23 91     		ld	hl,c_door_sprites
  7+  8DB0 06 41        		ld	b,W3D_ATR
  8+  8DB2 18 75        		jr	_common
  9+  8DB4              print_o_door_3d:
 10+  8DB4 21 3E 92     		ld	hl,o_door_sprites
 11+  8DB7 06 41        		ld	b,W3D_ATR
 12+  8DB9 18 6E        		jr	_common
 13+  8DBB              print_key_3d:
 14+  8DBB              		IN_RANGE	3, 8, _printout		; tylko pola w zasiegu do druku
 14+  8DBB 3A D7 8B    >		ld	a,(main_counter)
 14+  8DBE FE 03       >		cp	3
 14+  8DC0 DA A8 8B    >		jp	c,_printout
 14+  8DC3 FE 09       >		cp	8 + 1
 14+  8DC5 D2 A8 8B    >		jp	nc,_printout
 14+  8DC8 D6 03       >		sub	3
 15+  8DCA 21 80 92     		ld	hl,key_sprites
 16+  8DCD 06 02        		ld	b,KEY_ATR
 17+  8DCF 18 5C        		jr	_selected
 18+  8DD1              print_weapon_3d:
 19+  8DD1              		IN_RANGE	3, 8, _printout
 19+  8DD1 3A D7 8B    >		ld	a,(main_counter)
 19+  8DD4 FE 03       >		cp	3
 19+  8DD6 DA A8 8B    >		jp	c,_printout
 19+  8DD9 FE 09       >		cp	8 + 1
 19+  8DDB D2 A8 8B    >		jp	nc,_printout
 19+  8DDE D6 03       >		sub	3
 20+  8DE0 21 AA 92     		ld	hl,weapon_sprites
 21+  8DE3 06 05        		ld	b,WEAPON_ATR
 22+  8DE5 18 46        		jr	_selected
 23+  8DE7              print_armour_3d:
 24+  8DE7              		IN_RANGE	3, 8, _printout
 24+  8DE7 3A D7 8B    >		ld	a,(main_counter)
 24+  8DEA FE 03       >		cp	3
 24+  8DEC DA A8 8B    >		jp	c,_printout
 24+  8DEF FE 09       >		cp	8 + 1
 24+  8DF1 D2 A8 8B    >		jp	nc,_printout
 24+  8DF4 D6 03       >		sub	3
 25+  8DF6 21 D4 92     		ld	hl,armour_sprites
 26+  8DF9 06 06        		ld	b,ARMOUR_ATR
 27+  8DFB 18 30        		jr	_selected
 28+  8DFD              print_bat_3d:
 29+  8DFD              		IN_RANGE	3, 5, _printout
 29+  8DFD 3A D7 8B    >		ld	a,(main_counter)
 29+  8E00 FE 03       >		cp	3
 29+  8E02 DA A8 8B    >		jp	c,_printout
 29+  8E05 FE 06       >		cp	5 + 1
 29+  8E07 D2 A8 8B    >		jp	nc,_printout
 29+  8E0A D6 03       >		sub	3
 30+  8E0C 21 F5 92     		ld	hl,bat_sprites
 31+  8E0F 06 02        		ld	b,BAT_ATR
 32+  8E11 18 1A        		jr	_selected
 33+  8E13              print_figure_3d:
 34+  8E13              		IN_RANGE	4, 4, _printout
 34+  8E13 3A D7 8B    >		ld	a,(main_counter)
 34+  8E16 FE 04       >		cp	4
 34+  8E18 DA A8 8B    >		jp	c,_printout
 34+  8E1B FE 05       >		cp	4 + 1
 34+  8E1D D2 A8 8B    >		jp	nc,_printout
 34+  8E20 D6 04       >		sub	4
 35+  8E22 21 1C 93     		ld	hl,figure_sprites
 36+  8E25 06 07        		ld	b,FIGURE_ATR
 37+  8E27 18 04        		jr	_selected
 38+  8E29              _common
 39+  8E29 3A D7 8B     		ld	a,(main_counter)
 40+  8E2C 3D           		dec	a
 41+  8E2D              _selected
 42+  8E2D 08           		ex	af,af'
 43+  8E2E 78           		ld	a,b
 44+  8E2F 08           		ex	af,af'
 45+  8E30
 46+  8E30 87           		add	a,a
 47+  8E31 16 00        		ld	d,0
 48+  8E33 5F           		ld	e,a
 49+  8E34 19           		add	hl,de			; adres wskaznika na Sprite
 50+  8E35 5E           		ld	e,(hl)
 51+  8E36 23           		inc	hl
 52+  8E37 56           		ld	d,(hl)			; iterator DE na Sprite
 53+  8E38
 54+  8E38              _direct
 55+  8E38 1A           		ld	a,(de)
 56+  8E39 B7           		or	a				; jesli zero to nie ma sprite'a
 57+  8E3A CA A8 8B     		jp	z,_printout		; w tej pozycji, a wiec wypad
 58+  8E3D 47           		ld	b,a				; licznik lini ustawiony
 59+  8E3E 13           		inc	de				; iterator na Y
 60+  8E3F              _nxt
 61+  8E3F C5           		push	bc			; SAVE licznik
 62+  8E40 1A           		ld	a,(de)
 63+  8E41 47           		ld	b,a
 64+  8E42 13           		inc	de				; iterator na X
 65+  8E43 1A           		ld	a,(de)
 66+  8E44 4F           		ld	c,a				; offset Y,X w BC
 67+  8E45 21 04 01     		ld	hl,W3D_YX
 68+  8E48 09           		add	hl,bc			; dodanie pozycji okna 3D
 69+  8E49 44           		ld	b,h
 70+  8E4A 4D           		ld	c,l				; Y, X ekranu dla poczatku lini Tile w BC
 71+  8E4B
 72+  8E4B D5           		push	de				; SAVE iterator
 73+  8E4C CD C3 88     		call	gotoyx			; Kursor ustawiony
 74+  8E4F
 75+  8E4F C1           		pop	bc					; RESTORE iterator
 76+  8E50 03           		inc	bc					; tenze na pierwszym bajcie Tile
 77+  8E51 CD FF 88     		call	print_tile_line
 78+  8E54              								; iterator BC na TILE_EOL
 79+  8E54 03           		inc	bc
 80+  8E55 50           		ld	d,b
 81+  8E56 59           		ld	e,c					; iterator DE na Y nastepnej lini Tile
 82+  8E57
 83+  8E57 C1           		pop		bc				; RESTORE licznik
 84+  8E58 10 E5        		djnz	_nxt
 85+  8E5A C3 A8 8B     		jp	_printout
 86+  8E5D
 87+  8E5D              		include figure.asm
# file opened: figure.asm
  1++ 8E5D              talk_figure:
  2++ 8E5D 3A 97 93     		ld	a,(hero.stat.str)
  3++ 8E60 FE 0B        		cp	11
  4++ 8E62 38 24        		jr	c,_insf
  5++ 8E64 3A 98 93     		ld	a,(hero.stat.def)
  6++ 8E67 FE 09        		cp	9
  7++ 8E69 38 1D        		jr	c,_insf
  8++ 8E6B DD 36 00 20  		ld	(ix),FLOOR_CHAR		; wziety z gleby
  9++ 8E6F E5           		push	hl
 10++ 8E70              		PRINT_STR	MSG_LINE1 + 2, talk_ready
 10++ 8E70 11 22 48    >		ld	de,MSG_LINE1 + 2
 10++ 8E73 01 C1 8E    >		ld	bc,talk_ready
 10++ 8E76 CD 4C 89    >		call	pstring
 11++ 8E79              		PRINT_STR	MSG_LINE2 + 1, talk_nxt_lvl
 11++ 8E79 11 41 48    >		ld	de,MSG_LINE2 + 1
 11++ 8E7C 01 D0 8E    >		ld	bc,talk_nxt_lvl
 11++ 8E7F CD 4C 89    >		call	pstring
 12++ 8E82 E1           		pop		hl
 13++ 8E83 36 20        		ld	(hl),FLOOR_CHAR
 14++ 8E85 C3 38 85     		jp	refresh
 15++ 8E88              _insf
 16++ 8E88              		PRINT_STR	MSG_LINE1 + 1, talk_insf_str
 16++ 8E88 11 21 48    >		ld	de,MSG_LINE1 + 1
 16++ 8E8B 01 9D 8E    >		ld	bc,talk_insf_str
 16++ 8E8E CD 4C 89    >		call	pstring
 17++ 8E91              		PRINT_STR	MSG_LINE2 + 2, talk_insf_def
 17++ 8E91 11 42 48    >		ld	de,MSG_LINE2 + 2
 17++ 8E94 01 AF 8E    >		ld	bc,talk_insf_def
 17++ 8E97 CD 4C 89    >		call	pstring
 18++ 8E9A C3 6E 85     		jp	wait_release
 19++ 8E9D
 20++ 8E9D 4E 65 65 64  talk_insf_str	db	"Need Hand Trowel.$"
 20++ 8EA1 20 48 61 6E
 20++ 8EA5 64 20 54 72
 20++ 8EA9 6F 77 65 6C
 20++ 8EAD 2E 24
 21++ 8EAF 26 20 4C 65  talk_insf_def	db	"& Leather Gloves.$"
 21++ 8EB3 61 74 68 65
 21++ 8EB7 72 20 47 6C
 21++ 8EBB 6F 76 65 73
 21++ 8EBF 2E 24
 22++ 8EC1 59 6F 75 20  talk_ready		db	"You are Ready!$"
 22++ 8EC5 61 72 65 20
 22++ 8EC9 52 65 61 64
 22++ 8ECD 79 21 24
 23++ 8ED0 4E 65 78 74  talk_nxt_lvl	db	"Next level ahead!$"
 23++ 8ED4 20 6C 65 76
 23++ 8ED8 65 6C 20 61
 23++ 8EDC 68 65 61 64
 23++ 8EE0 21 24
 24++ 8EE2
# file closed: figure.asm
 88+  8EE2              		include data/sprites.dat
# file opened: sprites.dat
  1++ 8EE2
  2++ 8EE2              ;	--------   sciany  ---------
  3++ 8EE2              ;w18			db	0
  4++ 8EE2              ;w17			db	0
  5++ 8EE2              ;w16			db	0
  6++ 8EE2              ;w15			db	0
  7++ 8EE2              ;w14			db	0
  8++ 8EE2 01           w18		db	1
  9++ 8EE3 03 00 2C 2C  		db	3, 0,		44, 44, $FF
  9++ 8EE7 FF
 10++ 8EE8
 11++ 8EE8 01           w17		db	1
 12++ 8EE9 03 02 2C 2C  		db	3, 2,		44, 44, $FF
 12++ 8EED FF
 13++ 8EEE
 14++ 8EEE 01           w16		db	1
 15++ 8EEF 03 04 2C FF  		db	3, 4,		44, $FF
 16++ 8EF3
 17++ 8EF3 01           w15		db	1
 18++ 8EF4 03 05 2C 2C  		db	3, 5,		44, 44, $FF
 18++ 8EF8 FF
 19++ 8EF9
 20++ 8EF9 01           w14		db	1
 21++ 8EFA 03 07 2C 2C  		db	3, 7,		44, 44, $FF
 21++ 8EFE FF
 22++ 8EFF
 23++ 8EFF 02           w13		db	2
 24++ 8F00 02 00 26 26  		db	2, 0,		38, 38, 42, $FF
 24++ 8F04 2A FF
 25++ 8F06 03 00 27 27  		db  3, 0,		39, 39, 43, $FF
 25++ 8F0A 2B FF
 26++ 8F0C
 27++ 8F0C              ;w12		db	2
 28++ 8F0C              ;		db	2, 2,		38, 38, $FF
 29++ 8F0C              ;		db  3, 2,		39, 39, $FF
 30++ 8F0C
 31++ 8F0C 02           w12		db	2
 32++ 8F0D 02 02 26 26  		db	2, 2,		38, 38, 42, $FF
 32++ 8F11 2A FF
 33++ 8F13 03 02 27 27  		db  3, 2,		39, 39, 43, $FF
 33++ 8F17 2B FF
 34++ 8F19
 35++ 8F19
 36++ 8F19 02           w11		db	2
 37++ 8F1A 02 04 26 FF  		db	2, 4,		38, $FF
 38++ 8F1E 03 04 27 FF  		db  3, 4,		39, $FF
 39++ 8F22
 40++ 8F22              ;w10		db	2
 41++ 8F22              ;		db	2, 5,		38, 38, $FF
 42++ 8F22              ;		db  3, 5,		39, 39, $FF
 43++ 8F22
 44++ 8F22 02           w10		db	2
 45++ 8F23 02 04 28 26  		db	2, 4,		40, 38, 38, $FF
 45++ 8F27 26 FF
 46++ 8F29 03 04 29 27  		db  3, 4,		41, 39, 39, $FF
 46++ 8F2D 27 FF
 47++ 8F2F
 48++ 8F2F 02           w09		db	2
 49++ 8F30 02 06 28 26  		db	2, 6,		40, 38, 38, $FF
 49++ 8F34 26 FF
 50++ 8F36 03 06 29 27  		db  3, 6,		41, 39, 39, $FF
 50++ 8F3A 27 FF
 51++ 8F3C
 52++ 8F3C 02           w08		db	2
 53++ 8F3D 02 00 20 21  		db	2, 0,		32, 33, 33, 34, $FF
 53++ 8F41 21 22 FF
 54++ 8F44 03 00 20 21  		db  3, 0,		32, 33, 33, 35, $FF
 54++ 8F48 21 23 FF
 55++ 8F4B
 56++ 8F4B 02           w07		db	2
 57++ 8F4C 02 03 20 21  		db	2, 3,		32, 33, 33, $FF
 57++ 8F50 21 FF
 58++ 8F52 03 03 20 21  		db  3, 3,		32, 33, 33, $FF
 58++ 8F56 21 FF
 59++ 8F58
 60++ 8F58 02           w06		db	2
 61++ 8F59 02 05 24 20  		db	2, 5,		36, 32, 33, 33, $FF
 61++ 8F5D 21 21 FF
 62++ 8F60 03 05 25 20  		db  3, 5,		37, 32, 33, 33, $FF
 62++ 8F64 21 21 FF
 63++ 8F67
 64++ 8F67 04           w05		db	4
 65++ 8F68 01 00 03 10  		db	1, 0,		3, 16, 17, $FF
 65++ 8F6C 11 FF
 66++ 8F6E 02 00 02 12  		db  2, 0,		2, 18, 19, $FF
 66++ 8F72 13 FF
 67++ 8F74 03 00 01 14  		db  3, 0,		1, 20, 21, $FF
 67++ 8F78 15 FF
 68++ 8F7A 04 00 00 16  		db  4, 0,		0, 22, 23, $FF
 68++ 8F7E 17 FF
 69++ 8F80
 70++ 8F80 04           w04		db	4
 71++ 8F81 01 01 02 00  		db	1, 1,	2, 0, 1, 0, 1, 2, 3, $FF
 71++ 8F85 01 00 01 02
 71++ 8F89 03 FF
 72++ 8F8B 02 01 00 03  		db	2, 1,	0, 3, 0, 1, 2, 1, 2, $FF
 72++ 8F8F 00 01 02 01
 72++ 8F93 02 FF
 73++ 8F95 03 01 02 00  		db	3, 1,	2, 0, 1, 2, 1, 0, 1, $FF
 73++ 8F99 01 02 01 00
 73++ 8F9D 01 FF
 74++ 8F9F 04 01 00 01  		db	4, 1,	0, 1, 0, 1, 2, 1, 0, $FF
 74++ 8FA3 00 01 02 01
 74++ 8FA7 00 FF
 75++ 8FA9
 76++ 8FA9 04           w03		db	4
 77++ 8FAA 01 06 18 19  		db	1, 6,		24, 25, 2, $FF
 77++ 8FAE 02 FF
 78++ 8FB0 02 06 1A 1B  		db  2, 6,		26, 27, 0, $FF
 78++ 8FB4 00 FF
 79++ 8FB6 03 06 1C 1D  		db  3, 6,		28, 29, 2, $FF
 79++ 8FBA 02 FF
 80++ 8FBC 04 06 1E 1F  		db  4, 6,		30, 31, 0, $FF
 80++ 8FC0 00 FF
 81++ 8FC2
 82++ 8FC2 06           w02		db	6
 83++ 8FC3 00 00 04 FF  		db	0, 0,		4, $FF
 84++ 8FC7 01 00 05 FF  		db  1, 0,		5, $FF
 85++ 8FCB 02 00 06 FF  		db  2, 0,		6, $FF
 86++ 8FCF 03 00 07 FF  		db  3, 0,		7, $FF
 87++ 8FD3 04 00 08 FF  		db  4, 0,		8, $FF
 88++ 8FD7 05 00 09 FF  		db  5, 0,		9, $FF
 89++ 8FDB
 90++ 8FDB 06           w01		db	6
 91++ 8FDC 00 08 0A FF  		db	0, 8,		10, $FF
 92++ 8FE0 01 08 0B FF  		db  1, 8,		11, $FF
 93++ 8FE4 02 08 0C FF  		db  2, 8,		12, $FF
 94++ 8FE8 03 08 0D FF  		db  3, 8,		13, $FF
 95++ 8FEC 04 08 0E FF  		db  4, 8,		14, $FF
 96++ 8FF0 05 08 0F FF  		db  5, 8,		15, $FF
 97++ 8FF4
 98++ 8FF4 DB 8F C2 8F  wall_sprites	dw	    w01,    w02
 99++ 8FF8 A9 8F 80 8F  				dw	    w03,w04,w05
 99++ 8FFC 67 8F
100++ 8FFE 58 8F 4B 8F  				dw	    w06,w07,w08
100++ 9002 3C 8F
101++ 9004 2F 8F 22 8F  				dw	w09,w10,w11,w12,w13
101++ 9008 19 8F 0C 8F
101++ 900C FF 8E
102++ 900E F9 8E F3 8E  				dw	w14,w15,w16,w17,w18
102++ 9012 EE 8E E8 8E
102++ 9016 E2 8E
103++ 9018
104++ 9018              ;  ------  drzwi zamkniete  --------
105++ 9018              ;d18			db	0
106++ 9018              ;d17			db	0
107++ 9018              ;d16			db	0
108++ 9018              ;d15			db	0
109++ 9018              ;d14			db	0
110++ 9018 01           d18		db	1
111++ 9019 03 00 2C 2C  		db	3, 0,		44, 44, $FF
111++ 901D FF
112++ 901E 01           d17		db	1
113++ 901F 03 02 2C 2C  		db	3, 2,		44, 44, $FF
113++ 9023 FF
114++ 9024 01           d16		db	1
115++ 9025 03 04 2C FF  		db	3, 4,		44, $FF
116++ 9029 01           d15		db	1
117++ 902A 03 05 2C 2C  		db	3, 5,		44, 44, $FF
117++ 902E FF
118++ 902F 01           d14		db	1
119++ 9030              ;		db	3, 7,		44, 44, $FF
120++ 9030 02           d13		db	2
121++ 9031 02 00 26 26  		db	2, 0,		38, 38, 42, $FF
121++ 9035 2A FF
122++ 9037 03 00 27 27  		db  3, 0,		39, 39, 43, $FF
122++ 903B 2B FF
123++ 903D              ;d12		db	2
124++ 903D              ;		db	2, 2,		38, 38, 42, $FF
125++ 903D              ;		db  3, 2,		39, 39, 43, $FF
126++ 903D 02           d12		db	2
127++ 903E 02 02 26 26  		db	2, 2,		38, 38, $FF
127++ 9042 FF
128++ 9043 03 02 27 27  		db  3, 2,		39, 39, $FF
128++ 9047 FF
129++ 9048 02           d11		db	2
130++ 9049 02 04 48 FF  		db	2, 4,		72, $FF
131++ 904D 03 04 49 FF  		db  3, 4,		73, $FF
132++ 9051 02           d10		db	2
133++ 9052 02 04 28 26  		db	2, 4,		40, 38, 38, $FF
133++ 9056 26 FF
134++ 9058 03 04 29 27  		db  3, 4,		41, 39, 39, $FF
134++ 905C 27 FF
135++ 905E              ;d10		db	2
136++ 905E              ;		db	2, 5,		38, 38, $FF
137++ 905E              ;		db  3, 5,		39, 39, $FF
138++ 905E 02           d09		db	2
139++ 905F 02 06 28 26  		db	2, 6,		40, 38, 38, $FF
139++ 9063 26 FF
140++ 9065 03 06 29 27  		db  3, 6,		41, 39, 39, $FF
140++ 9069 27 FF
141++ 906B 02           d08		db	2
142++ 906C 02 00 20 21  		db	2, 0,		32, 33, 33, 34, $FF
142++ 9070 21 22 FF
143++ 9073 03 00 20 21  		db  3, 0,		32, 33, 33, 35, $FF
143++ 9077 21 23 FF
144++ 907A 02           d07		db	2
145++ 907B 02 03 44 46  		db	2, 3,		68, 70, 69, $FF
145++ 907F 45 FF
146++ 9081 03 03 44 47  		db  3, 3,		68, 71, 69, $FF
146++ 9085 45 FF
147++ 9087 02           d06		db	2
148++ 9088 02 05 24 20  		db	2, 5,		36, 32, 33, 33, $FF
148++ 908C 21 21 FF
149++ 908F 03 05 25 20  		db  3, 5,		37, 32, 33, 33, $FF
149++ 9093 21 21 FF
150++ 9096 04           d05		db	4
151++ 9097 01 00 03 3C  		db	1, 0,		3, 60, 61, $FF
151++ 909B 3D FF
152++ 909D 02 00 02 3E  		db  2, 0,		2, 62, 63, $FF
152++ 90A1 3F FF
153++ 90A3 03 00 01 40  		db  3, 0,		1, 64, 65, $FF
153++ 90A7 41 FF
154++ 90A9 04 00 00 42  		db  4, 0,		0, 66, 67, $FF
154++ 90AD 43 FF
155++ 90AF 04           d04		db	4
156++ 90B0 01 01 02 00  		db	1, 1,	2, 0, 51, 46, 45, 2, 3, $FF
156++ 90B4 33 2E 2D 02
156++ 90B8 03 FF
157++ 90BA 02 01 00 03  		db	2, 1,	0, 3, 47, 50, 48, 0, 2, $FF
157++ 90BE 2F 32 30 00
157++ 90C2 02 FF
158++ 90C4 03 01 02 00  		db	3, 1,	2, 0, 47, 50, 49, 0, 1, $FF
158++ 90C8 2F 32 31 00
158++ 90CC 01 FF
159++ 90CE 04 01 00 01  		db	4, 1,	0, 1, 51, 46, 45, 0, 0, $FF
159++ 90D2 33 2E 2D 00
159++ 90D6 00 FF
160++ 90D8 04           d03		db	4
161++ 90D9 01 06 34 35  		db	1, 6,		52, 53, 2, $FF
161++ 90DD 02 FF
162++ 90DF 02 06 36 37  		db  2, 6,		54, 55, 0, $FF
162++ 90E3 00 FF
163++ 90E5 03 06 38 39  		db  3, 6,		56, 57, 2, $FF
163++ 90E9 02 FF
164++ 90EB 04 06 3A 3B  		db  4, 6,		58, 59, 0, $FF
164++ 90EF 00 FF
165++ 90F1 06           d02		db	6
166++ 90F2 00 00 04 FF  		db	0, 0,		4, $FF
167++ 90F6 01 00 05 FF  		db  1, 0,		5, $FF
168++ 90FA 02 00 06 FF  		db  2, 0,		6, $FF
169++ 90FE 03 00 07 FF  		db  3, 0,		7, $FF
170++ 9102 04 00 08 FF  		db  4, 0,		8, $FF
171++ 9106 05 00 09 FF  		db  5, 0,		9, $FF
172++ 910A 06           d01		db	6
173++ 910B 00 08 0A FF  		db	0, 8,		10, $FF
174++ 910F 01 08 0B FF  		db  1, 8,		11, $FF
175++ 9113 02 08 0C FF  		db  2, 8,		12, $FF
176++ 9117 03 08 0D FF  		db  3, 8,		13, $FF
177++ 911B 04 08 0E FF  		db  4, 8,		14, $FF
178++ 911F 05 08 0F FF  		db  5, 8,		15, $FF
179++ 9123
180++ 9123 0A 91 F1 90  c_door_sprites	dw	    d01,    d02
181++ 9127 D8 90 AF 90  		dw			    d03,d04,d05
181++ 912B 96 90
182++ 912D 87 90 7A 90  		dw				d06,d07,d08
182++ 9131 6B 90
183++ 9133 5E 90 51 90  		dw			d09,d10,d11,d12,d13
183++ 9137 48 90 3D 90
183++ 913B 30 90
184++ 913D 2F 90 29 90  		dw			d14,d15,d16,d17,d18
184++ 9141 24 90 1E 90
184++ 9145 18 90
185++ 9147
186++ 9147              ;  ------  drzwi otwarte  --------
187++ 9147              ;o18			db	0
188++ 9147              ;o17			db	0
189++ 9147              ;o16			db	0
190++ 9147              ;o15			db	0
191++ 9147              ;o14			db	0
192++ 9147 01           o18		db	1
193++ 9148 03 00 2C 2C  		db	3, 0,		44, 44, $FF
193++ 914C FF
194++ 914D 01           o17		db	1
195++ 914E 03 02 2C 2C  		db	3, 2,		44, 44, $FF
195++ 9152 FF
196++ 9153 01           o16		db	1
197++ 9154 03 04 2C FF  		db	3, 4,		44, $FF
198++ 9158 01           o15		db	1
199++ 9159 03 05 2C 2C  		db	3, 5,		44, 44, $FF
199++ 915D FF
200++ 915E 01           o14		db	1
201++ 915F              ;		db	3, 7,		44, 44, $FF
202++ 915F 02           o13		db	2
203++ 9160 02 00 26 26  		db	2, 0,		38, 38, 42, $FF
203++ 9164 2A FF
204++ 9166 03 00 27 27  		db  3, 0,		39, 39, 43, $FF
204++ 916A 2B FF
205++ 916C              ;o12		db	2
206++ 916C              ;		db	2, 2,		38, 38, 42, $FF
207++ 916C              ;		db  3, 2,		39, 39, 43, $FF
208++ 916C 02           o12		db	2
209++ 916D 02 02 26 26  		db	2, 2,		38, 38, $FF
209++ 9171 FF
210++ 9172 03 02 27 27  		db  3, 2,		39, 39, $FF
210++ 9176 FF
211++ 9177 00           o11		db	0
212++ 9178              ;o11		db	2
213++ 9178              ;		db	2, 4,		38, $FF
214++ 9178              ;		db  3, 4,		39, $FF
215++ 9178 02           o10		db	2
216++ 9179 02 04 28 26  		db	2, 4,		40, 38, 38, $FF
216++ 917D 26 FF
217++ 917F 03 04 29 27  		db  3, 4,		41, 39, 39, $FF
217++ 9183 27 FF
218++ 9185              ;o10		db	2
219++ 9185              ;		db	2, 5,		38, 38, $FF
220++ 9185              ;		db  3, 5,		39, 39, $FF
221++ 9185 02           o09		db	2
222++ 9186 02 06 28 26  		db	2, 6,		40, 38, 38, $FF
222++ 918A 26 FF
223++ 918C 03 06 29 27  		db  3, 6,		41, 39, 39, $FF
223++ 9190 27 FF
224++ 9192 02           o08		db	2
225++ 9193 02 00 20 21  		db	2, 0,		32, 33, 33, 34, $FF
225++ 9197 21 22 FF
226++ 919A 03 00 20 21  		db  3, 0,		32, 33, 33, 35, $FF
226++ 919E 21 23 FF
227++ 91A1 04           o07		db	4
228++ 91A2 02 03 20 FF  		db	2, 3,		32, $FF
229++ 91A6 03 03 20 FF  		db  3, 3,		32, $FF
230++ 91AA 02 05 20 FF  		db	2, 5,		32, $FF
231++ 91AE 03 05 20 FF  		db  3, 5,		32, $FF
232++ 91B2 02           o06		db	2
233++ 91B3 02 05 24 20  		db	2, 5,		36, 32, 33, 33, $FF
233++ 91B7 21 21 FF
234++ 91BA 03 05 25 20  		db  3, 5,		37, 32, 33, 33, $FF
234++ 91BE 21 21 FF
235++ 91C1              o05
236++ 91C1 04           		db	4
237++ 91C2 01 01 3C FF  		db	1, 1,		60, $FF
238++ 91C6 02 01 3E FF  		db  2, 1,		62, $FF
239++ 91CA 03 01 40 FF  		db  3, 1,		64, $FF
240++ 91CE 04 01 42 FF  		db  4, 1,		66, $FF
241++ 91D2
242++ 91D2              ;o05		db	4
243++ 91D2              ;		db	1, 0,		3, 60, 61, $FF
244++ 91D2              ;		db  2, 0,		2, 62, 63, $FF
245++ 91D2              ;		db  3, 0,		1, 64, 65, $FF
246++ 91D2              ;		db  4, 0,		0, 66, 67, $FF
247++ 91D2 08           o04		db	8
248++ 91D3 01 01 02 00  		db	1, 1,		2, 0, $FF, 1, 6,	2, 3, $FF
248++ 91D7 FF 01 06 02
248++ 91DB 03 FF
249++ 91DD 02 01 00 03  		db	2, 1,		0, 3, $FF, 2, 6,	0, 2, $FF
249++ 91E1 FF 02 06 00
249++ 91E5 02 FF
250++ 91E7 03 01 02 00  		db	3, 1,		2, 0, $FF, 3, 6,	0, 1, $FF
250++ 91EB FF 03 06 00
250++ 91EF 01 FF
251++ 91F1 04 01 00 01  		db	4, 1,		0, 1, $FF, 4, 6,	0, 0, $FF
251++ 91F5 FF 04 06 00
251++ 91F9 00 FF
252++ 91FB 04           o03		db	4
253++ 91FC 01 06 34 FF  		db	1, 6,		 52, $FF
254++ 9200 02 06 36 FF  		db  2, 6,		 54, $FF
255++ 9204 03 06 38 FF  		db  3, 6,		 56, $FF
256++ 9208 04 06 3A FF  		db  4, 6,		 58, $FF
257++ 920C              ;		db	1, 6,		52, 53, 2, $FF
258++ 920C              ;		db  2, 6,		54, 55, 0, $FF
259++ 920C              ;		db  3, 6,		56, 57, 2, $FF
260++ 920C              ;		db  4, 6,		58, 59, 0, $FF
261++ 920C 06           o02		db	6
262++ 920D 00 00 04 FF  		db	0, 0,		4, $FF
263++ 9211 01 00 05 FF  		db  1, 0,		5, $FF
264++ 9215 02 00 06 FF  		db  2, 0,		6, $FF
265++ 9219 03 00 07 FF  		db  3, 0,		7, $FF
266++ 921D 04 00 08 FF  		db  4, 0,		8, $FF
267++ 9221 05 00 09 FF  		db  5, 0,		9, $FF
268++ 9225 06           o01		db	6
269++ 9226 00 08 0A FF  		db	0, 8,		10, $FF
270++ 922A 01 08 0B FF  		db  1, 8,		11, $FF
271++ 922E 02 08 0C FF  		db  2, 8,		12, $FF
272++ 9232 03 08 0D FF  		db  3, 8,		13, $FF
273++ 9236 04 08 0E FF  		db  4, 8,		14, $FF
274++ 923A 05 08 0F FF  		db  5, 8,		15, $FF
275++ 923E
276++ 923E              o_door_sprites
277++ 923E 25 92 0C 92  				dw	    o01,    o02
278++ 9242 FB 91 D2 91  				dw	    o03,o04,o05
278++ 9246 C1 91
279++ 9248 B2 91 A1 91  				dw	    o06,o07,o08
279++ 924C 92 91
280++ 924E 85 91 78 91  				dw	o09,o10,o11,o12,o13
280++ 9252 77 91 6C 91
280++ 9256 5F 91
281++ 9258 5E 91 58 91  				dw	o14,o15,o16,o17,o18
281++ 925C 53 91 4D 91
281++ 9260 47 91
282++ 9262
283++ 9262              ;	-----	klucze  -----
284++ 9262 01           k08		db	1
285++ 9263 04 01 59 FF  		db	4, 1,		89, $FF
286++ 9267 01           k07		db	1
287++ 9268 04 04 59 FF  		db	4, 4,		89, $FF
288++ 926C 01           k06		db	1
289++ 926D 04 07 59 FF  		db	4, 7,		89, $FF
290++ 9271 01           k05		db	1
291++ 9272 04 01 58 FF  		db	4, 1,		88, $FF
292++ 9276 01           k04		db	1
293++ 9277 04 04 58 FF  		db	4, 4,		88, $FF
294++ 927B 01           k03		db	1
295++ 927C 04 07 58 FF  		db	4, 7,		88, $FF
296++ 9280
297++ 9280              key_sprites
298++ 9280 7B 92 76 92  		dw			    k03,k04,k05
298++ 9284 71 92
299++ 9286 6C 92 67 92  		dw				k06,k07,k08
299++ 928A 62 92
300++ 928C
301++ 928C              ;	-----	bronie  -----
302++ 928C 01           b08		db	1
303++ 928D 04 01 59 FF  		db	4, 1,		89, $FF
304++ 9291 01           b07		db	1
305++ 9292 04 04 59 FF  		db	4, 4,		89, $FF
306++ 9296 01           b06		db	1
307++ 9297 04 07 59 FF  		db	4, 7,		89, $FF
308++ 929B 01           b05		db	1
309++ 929C 04 01 5A FF  		db	4, 1,		90, $FF
310++ 92A0 01           b04		db	1
311++ 92A1 04 04 5A FF  		db	4, 4,		90, $FF
312++ 92A5 01           b03		db	1
313++ 92A6 04 07 5A FF  		db	4, 7,		90, $FF
314++ 92AA
315++ 92AA              weapon_sprites
316++ 92AA A5 92 A0 92  		dw			    b03,b04,b05
316++ 92AE 9B 92
317++ 92B0 96 92 91 92  		dw				b06,b07,b08
317++ 92B4 8C 92
318++ 92B6
319++ 92B6              ;	-----	zbroje  -----
320++ 92B6 01           a08		db	1
321++ 92B7 04 01 59 FF  		db	4, 1,		89, $FF
322++ 92BB 01           a07		db	1
323++ 92BC 04 04 59 FF  		db	4, 4,		89, $FF
324++ 92C0 01           a06		db	1
325++ 92C1 04 07 59 FF  		db	4, 7,		89, $FF
326++ 92C5 01           a05		db	1
327++ 92C6 04 01 5B FF  		db	4, 1,		91, $FF
328++ 92CA 01           a04		db	1
329++ 92CB 04 04 5B FF  		db	4, 4,		91, $FF
330++ 92CF 01           a03		db	1
331++ 92D0 04 07 5B FF  		db	4, 7,		91, $FF
332++ 92D4
333++ 92D4              armour_sprites
334++ 92D4 CF 92 CA 92  		dw			    a03,a04,a05
334++ 92D8 C5 92
335++ 92DA C0 92 BB 92  		dw				a06,a07,a08
335++ 92DE B6 92
336++ 92E0
337++ 92E0              ;	----- nietoperz -----
338++ 92E0 01           bat03	db	1
339++ 92E1 01 06 6A 6B  		db	1, 6,		106, 107, 108, $FF
339++ 92E5 6C FF
340++ 92E7
341++ 92E7 01           bat04	db	1
342++ 92E8 01 03 6A 6B  		db	1, 3,		106, 107, 108, $FF
342++ 92EC 6C FF
343++ 92EE
344++ 92EE 01           bat05	db	1
345++ 92EF 01 00 6A 6B  		db	1, 0,		106, 107, 108, $FF
345++ 92F3 6C FF
346++ 92F5
347++ 92F5
348++ 92F5              bat_sprites
349++ 92F5 E0 92 E7 92  		dw				bat03, bat04, bat05
349++ 92F9 EE 92
350++ 92FB
351++ 92FB              ;	----- postacie ------
352++ 92FB 06           f04		db	6
353++ 92FC 00 04 5C 5D  		db	0, 4,		92, 93, $FF
353++ 9300 FF
354++ 9301 01 04 5E 5F  		db	1, 4,		94, 95, $FF
354++ 9305 FF
355++ 9306 02 03 60 61  		db	2, 3,		96, 97, 98, $FF
355++ 930A 62 FF
356++ 930C 03 03 63 64  		db	3, 3,		99, 100, 101, $FF
356++ 9310 65 FF
357++ 9312 04 04 66 67  		db	4, 4,		102, 103, $FF
357++ 9316 FF
358++ 9317 05 04 68 69  		db	5, 4,		104, 105, $FF
358++ 931B FF
359++ 931C
360++ 931C              figure_sprites
361++ 931C FB 92        		dw				f04
362++ 931E
# file closed: sprites.dat
 89+  931E
# file closed: 3d.asm
634   931E              		include math.asm
# file opened: math.asm
  1+  931E              ; --------------------------------
  2+  931E              ; Mnozenie dwoch liczb 8-bitowych
  3+  931E              ; czynniki: B,C. Iloczyn: HL
  4+  931E              ; --------------------------------
  5+  931E              mul8:
  6+  931E C5           		push	bc
  7+  931F D5           		push	de
  8+  9320
  9+  9320 21 00 00     		ld	hl,0
 10+  9323 79           		ld	a,c
 11+  9324 16 00        		ld	d,0
 12+  9326 58           		ld	e,b
 13+  9327 06 08        		ld	b,8			; licznik bitow
 14+  9329 29           _loop:	add	hl,hl
 15+  932A 17           		rla
 16+  932B 30 01        		jr	nc,_skip
 17+  932D 19           		add	hl,de
 18+  932E 10 F9        _skip:	djnz	_loop
 19+  9330
 20+  9330 D1           		pop	de
 21+  9331 C1           		pop	bc
 22+  9332 C9           		ret
 23+  9333
 24+  9333              ;-----------------------------
 25+  9333              ; Funkja zamienia liczbe w A
 26+  9333              ; na pare cyfr ASCII w C i B
 27+  9333              ; np.0Fh -> C=1, B=5
 28+  9333              ;-----------------------------
 29+  9333              h2asci:
 30+  9333 0E 00        		ld	c,0
 31+  9335              _loop2:
 32+  9335 47           		ld	b,a
 33+  9336 FE 0A        		cp	10
 34+  9338 38 05        		jr	c,_fine	;jesli a<10 koniec
 35+  933A 0C           		inc	c
 36+  933B D6 0A        		sub	10
 37+  933D 18 F6        		jr	_loop2
 38+  933F              _fine:
 39+  933F C6 30        		add	a,'0'
 40+  9341 47           		ld	b,a
 41+  9342 79           		ld	a,c
 42+  9343 C6 30        		add	a,'0'
 43+  9345 4F           		ld	c,a
 44+  9346 C9           		ret
 45+  9347
 46+  9347              ; --------------------------------------
 47+  9347              ; Zamiana 2-cyfrowej liczby dziesietnej
 48+  9347              ; w formacie ASCII na liczbe 8-bit
 49+  9347              ; input: (HL)	output: A
 50+  9347              ; --------------------------------------
 51+  9347              ascii2num:
 52+  9347 7E           		ld	a,(hl)			; pierwszy obrot Y
 53+  9348 E6 0F        		and	0Fh			; minus ascii bits
 54+  934A 87           		add	a,a			; x 2
 55+  934B 4F           		ld	c,a
 56+  934C 87           		add	a,a
 57+  934D 87           		add	a,a
 58+  934E 81           		add	a,c			; x 10
 59+  934F 4F           		ld	c,a			; save dziesiatki
 60+  9350 23           		inc	hl
 61+  9351 7E           		ld	a,(hl)
 62+  9352 E6 0F        		and	0Fh
 63+  9354 81           		add	a,c			; dziesietne + jednoscioci
 64+  9355 23           		inc	hl
 65+  9356 C9           		ret
 66+  9357              ; -------------------------------------------------------------------
 67+  9357              ; Zamienia liczbe z zakresu 1-16 na slowo z ustawionym bitem od 1-16
 68+  9357              ; IN:	A - liczba 1 - 16
 69+  9357              ;		DE - adres slowa flag
 70+  9357              ; OUT:	A - ustawiony odpowiedni bit flagi
 71+  9357              ;		C - odpowiedni bajt flagi
 72+  9357              ; -------------------------------------------------------------------
 73+  9357              nr_to_bit:
 74+  9357 FE 09        		cp	9
 75+  9359 38 03        		jr	c,_low_flags
 76+  935B 13           		inc	de
 77+  935C D6 08        		sub	8
 78+  935E              _low_flags:
 79+  935E 47           		ld	b,a						; ile razy przesuwka
 80+  935F 1A           		ld	a,(de)					; hl zajete wyzej
 81+  9360 4F           		ld	c,a
 82+  9361 3E 01        		ld	a,%00000001
 83+  9363              _roll_right:
 84+  9363 0F           		rrca
 85+  9364 10 FD        		djnz	_roll_right
 86+  9366 C9           		ret
 87+  9367
 88+  9367              ; -------------------------------------------------------------------
 89+  9367              ; Zamienia slowo z ustawionym bitem od 1-16 na liczbe z zakresu 1-16
 90+  9367              ; IN:	DE - adres slowa flag
 91+  9367              ; OUT:	C - liczba od 1 do 16
 92+  9367              ; -------------------------------------------------------------------
 93+  9367
# file closed: math.asm
635   9367              		include keyboard.asm
# file opened: keyboard.asm
  1+  9367              scan_keyboard:
  2+  9367
  3+  9367 3E BF        		ld	a,Enter_H
  4+  9369 DB FE        		in	a,(0FEh)
  5+  936B 2F           		cpl
  6+  936C E6 0E        		and	%00001110			; jkl
  7+  936E C0           		ret	nz
  8+  936F
  9+  936F 3E DF        		ld	a,P_Y
 10+  9371 DB FE        		in	a,(0FEh)
 11+  9373 47           		ld	b,a
 12+  9374 2F           		cpl
 13+  9375 E6 04        		and	%00000100			; i
 14+  9377 20 0D        		jr	nz,_set_bit0
 15+  9379
 16+  9379 78           		ld	a,b
 17+  937A 2F           		cpl
 18+  937B E6 02        		and	%00000010			; o
 19+  937D 20 0A        		jr	nz,_set_bit4
 20+  937F
 21+  937F 78           		ld	a,b
 22+  9380 2F           		cpl
 23+  9381 E6 08        		and	%00001000
 24+  9383 20 07        		jr	nz,_set_bit5
 25+  9385
 26+  9385              ;		ld	a,A_G
 27+  9385              ;		in	a,(0FEh)
 28+  9385              ;		cpl
 29+  9385              ;		and	%00000010			; s
 30+  9385              ;		jr	nz,_set_bit4
 31+  9385
 32+  9385              ;		ld	a,Q_T
 33+  9385              ;		in	a,(0FEh)
 34+  9385              ;		cpl
 35+  9385              ;		and	%00010000			; t
 36+  9385              ;		jr	nz,_set_bit5
 37+  9385
 38+  9385              ;		ld	a,CS_V
 39+  9385              ;		in	a,(0FEh)
 40+  9385              ;		cpl
 41+  9385              ;		and	%00001000			; c
 42+  9385              ;		jr	nz,_set_bit6
 43+  9385
 44+  9385 C9           		ret
 45+  9386
 46+  9386              _set_bit0:
 47+  9386 3E 01        		ld	a,1
 48+  9388 C9           		ret
 49+  9389              _set_bit4:
 50+  9389 3E 10        		ld	a,16
 51+  938B C9           		ret
 52+  938C              _set_bit5:
 53+  938C 3E 20        		ld	a,32
 54+  938E C9           		ret
 55+  938F
# file closed: keyboard.asm
636   938F
637   938F              		include	data/vars.dat
# file opened: vars.dat
  1+  938F              ;=========     V A R I A B L E S     =========
  2+  938F
  3+  938F 20 0C 00 00  map	Map	{ 32, 12, $0000 }
  4+  9393
  5+  9393              ;------ hero ----------
  6+  9393              hero			Character	{
  7+  9393              ;				2, 2,						; Y X
  8+  9393 01 00 00     				1, $00,						; zwrot i offset
  9+  9396 10 0A 08     				16, 10, 8,					; stats
 10+  9399 00           				0,							; bron
 11+  939A 00           				0,							; zbroja
 12+  939B A5 80        				%10100101, %10000000		; klucze
 13+  939D              							 }
 14+  939D              ; ------- Statyczne -----------------
 15+  939D 5E 3E 76 3C  hero_i			db	'^','>','v','<'			; ikony Hero
 16+  93A1              ;hero_s			db	0,-1, 1,0, 0,1, -1,0	; przesuniecie wspolrzednych
 17+  93A1 00 01 00 FF  neighbor_offs:	db	0,1,0,-1
 18+  93A5
 19+  93A5              ; ------- Inventory ------------------------------
 20+  93A5              stat_info:
 21+  93A5 20 68 70 3A  			db	" hp:00$"
 21+  93A9 30 30 24
 22+  93AC 73 74 72 3A  			db	"str:00$"
 22+  93B0 30 30 24
 23+  93B3 64 65 66 3A  			db	"def:00$"
 23+  93B7 30 30 24
 24+  93BA 77 65 70 3A  __1st		db	"wep:   $"
 24+  93BE 20 20 20 24
 25+  93C2 61 6D 72 3A  			db	"amr:   $"
 25+  93C6 20 20 20 24
 26+  93CA              __lst
 27+  93CA
 28+  93CA              LABELS_NUMBER	equ		( __lst - __1st ) / 8
 29+  93CA
 30+  93CA              ; ------- Weapons & Armour names ---------------
 31+  93CA              weapon_names:
 32+  93CA 48 4E 44     			db	"HND"			; Hands
 33+  93CD 54 52 4F     			db	"TRO"			; Hand Trowel
 34+  93D0 53 48 45     			db	"SHE"			; Pruning Shears
 35+  93D3 57 45 45     			db	"WEE"			; Garden Weeder
 36+  93D6 48 52 41     			db	"HRA"			; Hand Rake
 37+  93D9 53 49 43     			db	"SIC"			; Sickle
 38+  93DC 54 52 49     			db	"TRI"			; Hedge Trimmers
 39+  93DF 4C 4F 50     			db	"LOP"			; Loppers
 40+  93E2 48 4F 45     			db	"HOE"			; Garden Hoe
 41+  93E5 50 49 54     			db	"PIT"			; Pitchfork
 42+  93E8 47 52 41     			db	"GRA"			; Garden Rake
 43+  93EB 53 50 41     			db	"SPA"			; Spade
 44+  93EE 53 48 4F     			db	"SHO"			; Shovel
 45+  93F1 50 49 43     			db	"PIC"			; Pickaxe
 46+  93F4 4D 41 43     			db	"MAC"			; Machete
 47+  93F7 41 58 45     			db	"AXE"			; Axe
 48+  93FA 43 48 41     			db	"CHA"			; Chainsaw
 49+  93FD              armour_names:
 50+  93FD 53 4B 4E     			db	"SKN"			; Skin
 51+  9400 47 4C 4F     			db	"GLO"			; Thick Leather Gloves
 52+  9403 53 41 43     			db	"SAC"			; Burlap Sack
 53+  9406 46 4C 41     			db	"FLA"			; Heavy Flannel Shirt
 54+  9409 53 54 52     			db	"STR"			; Straw Bale (Shielding)
 55+  940C 54 41 52     			db	"TAR"			; Canvas Tarpaulin
 56+  940F 48 49 44     			db	"HID"			; Cured Animal Hide
 57+  9412 57 41 44     			db	"WAD"			; Rubber Waders
 58+  9415 42 41 53     			db	"BAS"			; Woven Wicker Basket
 59+  9418 42 41 52     			db	"BAR"			; Tree Bark Bracers
 60+  941B 46 45 4E     			db	"FEN"			; Wooden Fence Picket
 61+  941E 4D 45 54     			db	"MET"			; Shield Metal Scrap
 62+  9421 42 55 43     			db	"BUC"			; Steel Bucket (Helmet)
 63+  9424 54 49 52     			db	"TIR"			; Tractor Tire Rubber
 64+  9427 42 41 52     			db	"BAR"			; Large Plastic Barrel
 65+  942A 4C 49 44     			db	"LID"			; Steel Dustbin Lid
 66+  942D 47 52 41     			db	"GRA"			; Heavy Iron Grate
 67+  9430
 68+  9430              ;------ doors & passages --------
 69+  9430 00 00 00...  doors		ds	OBJ_MAX * 2		; drzwi: ofs lsb, msb
 70+  9450 00 00 00...  passages	ds	OBJ_MAX * 2		; ukryte przejscia
 71+  9470 00 00 00...  m_walls		ds	OBJ_MAX * 2		; przesuwane sciany
 72+  9490 00           door_nr		db	0				; numer drzwi na ktore patrzy Hero
 73+  9491
 74+  9491              ; ------ game flags -----------
 75+  9491 00           message_flag	db	0
 76+  9492 00           game_flags	db	0
 77+  9493 00 00        flash_adr	dw	$0000			; adres migajacego char'a w pamieci atrybutow
 78+  9495
# file closed: vars.dat
638   9495              		include	data/messages.dat
# file opened: messages.dat
  1+  9495              ; ---------------------------------
  2+  9495              ; nacisniecie klawisza
  3+  9495              ; ---------------------------------
  4+  9495 73 65 61 72  msg_searching	db	"searching ...$"
  4+  9499 63 68 69 6E
  4+  949D 67 20 2E 2E
  4+  94A1 2E 24
  5+  94A3 4E 6F 74 68  msg_nothing		db	"Nothing special$"
  5+  94A7 69 6E 67 20
  5+  94AB 73 70 65 63
  5+  94AF 69 61 6C 24
  6+  94B3 50 61 73 73  msg_psgfinded	db	"Passage Found!$"
  6+  94B7 61 67 65 20
  6+  94BB 46 6F 75 6E
  6+  94BF 64 21 24
  7+  94C2 44 6F 6F 72  msg_door		db	"Door num "
  7+  94C6 20 6E 75 6D
  7+  94CA 20
  8+  94CB 00 00 24     msg_door_nr		db	0, 0, "$"
  9+  94CE 4E 6F 20 64  msg_nodoor		db	"No door here.$"
  9+  94D2 6F 6F 72 20
  9+  94D6 68 65 72 65
  9+  94DA 2E 24
 10+  94DC 4E 65 65 64  msg_nokey		db	"Need a Key!$"
 10+  94E0 20 61 20 4B
 10+  94E4 65 79 21 24
 11+  94E8 4B 65 79 20  msg_key			db	"Key Found!$"
 11+  94EC 46 6F 75 6E
 11+  94F0 64 21 24
 12+  94F3 57 65 61 70  msg_weapon		db	"Weapon Found!$"
 12+  94F7 6F 6E 20 46
 12+  94FB 6F 75 6E 64
 12+  94FF 21 24
 13+  9501 41 72 6D 6F  msg_armour		db	"Armour Found!$"
 13+  9505 75 72 20 46
 13+  9509 6F 75 6E 64
 13+  950D 21 24
 14+  950F 4F 6E 20 54  msg_floor		db	"On The Floor:$"
 14+  9513 68 65 20 46
 14+  9517 6C 6F 6F 72
 14+  951B 3A 24
 15+  951D 44 75 73 74  msg_dust		db	"Dust and Lint$"
 15+  9521 20 61 6E 64
 15+  9525 20 4C 69 6E
 15+  9529 74 24
 16+  952B 48 6D 6D 2E  msg_figure1		db	"Hmm.. I saw him$"
 16+  952F 2E 20 49 20
 16+  9533 73 61 77 20
 16+  9537 68 69 6D 24
 17+  953B 73 6F 6D 65  msg_figure2		db	"somewhere$"
 17+  953F 77 68 65 72
 17+  9543 65 24
 18+  9545 74 68 65 20  msg_teleport	db	"the end$"
 18+  9549 65 6E 64 24
 19+  954D 6E 6F 20 77  msg_no_way		db	"no way!$"
 19+  9551 61 79 21 24
 20+  9555 4D 6F 76 65  msg_mwall		db	"Moved!$"
 20+  9559 64 21 24
 21+  955C 54 68 65 20  msg_pitfilled	db	"The pit is sealed$"
 21+  9560 70 69 74 20
 21+  9564 69 73 20 73
 21+  9568 65 61 6C 65
 21+  956C 64 24
 22+  956E 59 6F 75 20  msg_pit			db	"You fell in a Pit$"
 22+  9572 66 65 6C 6C
 22+  9576 20 69 6E 20
 22+  957A 61 20 50 69
 22+  957E 74 24
 23+  9580 42 61 63 6B  msg_restart		db	"Back to start....$"
 23+  9584 20 74 6F 20
 23+  9588 73 74 61 72
 23+  958C 74 2E 2E 2E
 23+  9590 2E 24
 24+  9592
# file closed: messages.dat
639   9592              		include data/map.dat
# file opened: map.dat
  1+  9592              ; ---------------------------------------
  2+  9592              ;		Mapa gry
  3+  9592              ;
  4+  9592              ; # - Sciana nie do przejscia
  5+  9592              ; M - Scian ruchoma
  6+  9592              ; = - Ukryte przejscie
  7+  9592              ; .	- Zapadnia
  8+  9592              ; + - Drzwi zamkniete
  9+  9592              ; / - Drzwi otwarte
 10+  9592              ; ~ - Klucz
 11+  9592              ; ( - Bron
 12+  9592              ; [ - Zbroja
 13+  9592              ; & - Postac
 14+  9592              ; P - Portal
 15+  9592              ;
 16+  9592              ; ---------------------------------------
 17+  9592
 18+  9592              MAP:
 19+  9592 23 23 23 23  	db	'################################'
 19+  9596 23 23 23 23
 19+  959A 23 23 23 23
 19+  959E 23 23 23 23
 19+  95A2 23 23 23 23
 19+  95A6 23 23 23 23
 19+  95AA 23 23 23 23
 19+  95AE 23 23 23 23
 20+  95B2 23 42 20 3D  	db	'#B = + |    #   ####(# +   #   #'
 20+  95B6 20 2B 20 7C
 20+  95BA 20 20 20 20
 20+  95BE 23 20 20 20
 20+  95C2 23 23 23 23
 20+  95C6 28 23 20 2B
 20+  95CA 20 20 20 23
 20+  95CE 20 20 20 23
 21+  95D2 23 20 20 23  	db	'#  ### #.| ###  #  #+# #   + # #'
 21+  95D6 23 23 20 23
 21+  95DA 2E 7C 20 23
 21+  95DE 23 23 20 20
 21+  95E2 23 20 20 23
 21+  95E6 2B 23 20 23
 21+  95EA 20 20 20 2B
 21+  95EE 20 23 20 23
 22+  95F2 23 23 23 23  	db	'#####  #[#####/### # # #########'
 22+  95F6 23 20 20 23
 22+  95FA 5B 23 23 23
 22+  95FE 23 23 2F 23
 22+  9602 23 23 20 23
 22+  9606 20 23 20 23
 22+  960A 23 23 23 23
 22+  960E 23 23 23 23
 23+  9612 23 7E 23 20  	db	'#~# #+###### #  | ## #         #'
 23+  9616 23 2B 23 23
 23+  961A 23 23 23 23
 23+  961E 20 23 20 20
 23+  9622 7C 20 23 23
 23+  9626 20 23 20 20
 23+  962A 20 20 20 20
 23+  962E 20 20 20 23
 24+  9632 23 3D 23 20  	db	'#=# + #~   ###+# ### #+##  ###+#'
 24+  9636 2B 20 23 7E
 24+  963A 20 20 20 23
 24+  963E 23 23 2B 23
 24+  9642 20 23 23 23
 24+  9646 20 23 2B 23
 24+  964A 23 20 20 23
 24+  964E 23 23 2B 23
 25+  9652 23 20 20 20  	db	'#   # =  # +   #     # ##    #(#'
 25+  9656 23 20 3D 20
 25+  965A 20 23 20 2B
 25+  965E 20 20 20 23
 25+  9662 20 20 20 20
 25+  9666 20 23 20 23
 25+  966A 23 20 20 20
 25+  966E 20 23 28 23
 26+  9672 23 3D 23 23  	db	'#=##############################'
 26+  9676 23 23 23 23
 26+  967A 23 23 23 23
 26+  967E 23 23 23 23
 26+  9682 23 23 23 23
 26+  9686 23 23 23 23
 26+  968A 23 23 23 23
 26+  968E 23 23 23 23
 27+  9692 23 20 20 23  	db	'#  #P#[  #      #=#    #       #'
 27+  9696 50 23 5B 20
 27+  969A 20 23 20 20
 27+  969E 20 20 20 20
 27+  96A2 23 3D 23 20
 27+  96A6 20 20 20 23
 27+  96AA 20 20 20 20
 27+  96AE 20 20 20 23
 28+  96B2 23 20 20 23  	db	'#  #&#########  +   ## ##+#+#=##'
 28+  96B6 26 23 23 23
 28+  96BA 23 23 23 23
 28+  96BE 23 23 20 20
 28+  96C2 2B 20 20 20
 28+  96C6 23 23 20 23
 28+  96CA 23 2B 23 2B
 28+  96CE 23 3D 23 23
 29+  96D2 23 20 20 7C  	db	'#  |  # #       ###       # #  #'
 29+  96D6 20 20 23 20
 29+  96DA 23 20 20 20
 29+  96DE 20 20 20 20
 29+  96E2 23 23 23 20
 29+  96E6 20 20 20 20
 29+  96EA 20 20 23 20
 29+  96EE 23 20 20 23
 30+  96F2 23 23 23 23  	db	'################################'
 30+  96F6 23 23 23 23
 30+  96FA 23 23 23 23
 30+  96FE 23 23 23 23
 30+  9702 23 23 23 23
 30+  9706 23 23 23 23
 30+  970A 23 23 23 23
 30+  970E 23 23 23 23
 31+  9712
 32+  9712              ; ----------------------------------------------------------
 33+  9712              ; search_key przeszukuje mape liczac kolejne klucze
 34+  9712              ; Jesli znjdzie przypisuje mu nr klucza wg tej tabeli
 35+  9712              ; ----------------------------------------------------------
 36+  9712              key_door_nr:
 37+  9712 0B           	db	11	;00
 38+  9713 07           	db	7	;01
 39+  9714              ; ----------------------------------------------------------
 40+  9714              ;
 41+  9714              ;
 42+  9714              ; ----------------------------------------------------------
 43+  9714              figure_nr:
 44+  9714 02           	db	2
 45+  9715 00           	db	0
 46+  9716              ; ----------------------------------------------------------
 47+  9716              ; take_weapon przeszukuje mape liczac kolejne bronie
 48+  9716              ; Jesli znjdzie przypisuje mu wartosc wg tej tabeli
 49+  9716              ; ----------------------------------------------------------
 50+  9716              weapon_pow:
 51+  9716 01           	db	1
 52+  9717 02           	db	2
 53+  9718              ; ----------------------------------------------------------
 54+  9718              ; take_armour przeszukuje mape liczac kolejne zbroje
 55+  9718              ; Jesli znjdzie przypisuje mu wartosc wg tej tabeli
 56+  9718              ; ----------------------------------------------------------
 57+  9718              armour_pow:
 58+  9718 01           	db	1
 59+  9719
 60+  9719
# file closed: map.dat
640   9719
641   9719              ;==================
642   9719
643   9719              End:
644   9719
645   9719                  ; drugi blok (CODE) na tasme
646   9719                  SAVETAP "dng.tap", CODE, "Dungeology", Start, End - Start
647   9719
# file closed: dung.asm
